from,to,gis,gis&oas
#Amount Effective from January to March 2021/Montant en vigueur en janvier � mars 2021,,,
#Combined Yearly Income of couple (excluding OAS Pension and GIS) From ($),Combined Yearly Income of couple (excluding OAS Pension and GIS) To ($),Total Monthly GIS with Maximum OAS Pension ($),Combined Monthly OAS Pension and GIS ($)
#Revenu annuel du couple (sauf la pension de la SV et le SRG) De ($),Revenu annuel du couple (sauf la pension de la SV et le SRG) � ($),Total mensuel pour le SRG pour montant maximal de la pension de la SV ($),Total mensuel de la pension de la SV et du SRG ($)
0,"4,095.99",919.12,"1,534.49"
"4,096.00","4,191.99",918.12,"1,533.49"
"4,192.00","4,287.99",917.12,"1,532.49"
"4,288.00","4,383.99",916.12,"1,531.49"
"4,384.00","4,479.99",915.12,"1,530.49"
"4,480.00","4,575.99",914.12,"1,529.49"
"4,576.00","4,671.99",913.12,"1,528.49"
"4,672.00","4,767.99",912.12,"1,527.49"
"4,768.00","4,863.99",911.12,"1,526.49"
"4,864.00","4,959.99",910.12,"1,525.49"
"4,960.00","5,055.99",909.12,"1,524.49"
"5,056.00","5,151.99",908.12,"1,523.49"
"5,152.00","5,247.99",907.12,"1,522.49"
"5,248.00","5,343.99",906.12,"1,521.49"
"5,344.00","5,439.99",905.12,"1,520.49"
"5,440.00","5,535.99",904.12,"1,519.49"
"5,536.00","5,631.99",903.12,"1,518.49"
"5,632.00","5,727.99",902.12,"1,517.49"
"5,728.00","5,823.99",901.12,"1,516.49"
"5,824.00","5,919.99",900.12,"1,515.49"
"5,920.00","6,015.99",899.12,"1,514.49"
"6,016.00","6,111.99",898.12,"1,513.49"
"6,112.00","6,207.99",897.12,"1,512.49"
"6,208.00","6,303.99",896.12,"1,511.49"
"6,304.00","6,399.99",895.12,"1,510.49"
"6,400.00","6,495.99",894.12,"1,509.49"
"6,496.00","6,591.99",893.12,"1,508.49"
"6,592.00","6,687.99",892.12,"1,507.49"
"6,688.00","6,783.99",891.12,"1,506.49"
"6,784.00","6,879.99",890.12,"1,505.49"
"6,880.00","6,975.99",889.12,"1,504.49"
"6,976.00","7,071.99",888.12,"1,503.49"
"7,072.00","7,167.99",887.12,"1,502.49"
"7,168.00","7,263.99",886.12,"1,501.49"
"7,264.00","7,359.99",885.12,"1,500.49"
"7,360.00","7,439.99",884.12,"1,499.49"
"7,440.00","7,455.99",883.12,"1,498.49"
"7,456.00","7,487.99",882.12,"1,497.49"
"7,488.00","7,535.99",881.12,"1,496.49"
"7,536.00","7,551.99",880.12,"1,495.49"
"7,552.00","7,583.99",879.12,"1,494.49"
"7,584.00","7,631.99",878.12,"1,493.49"
"7,632.00","7,647.99",877.12,"1,492.49"
"7,648.00","7,679.99",876.12,"1,491.49"
"7,680.00","7,727.99",875.12,"1,490.49"
"7,728.00","7,743.99",874.12,"1,489.49"
"7,744.00","7,775.99",873.12,"1,488.49"
"7,776.00","7,823.99",872.12,"1,487.49"
"7,824.00","7,839.99",871.12,"1,486.49"
"7,840.00","7,871.99",870.12,"1,485.49"
"7,872.00","7,919.99",869.12,"1,484.49"
"7,920.00","7,935.99",868.12,"1,483.49"
"7,936.00","7,967.99",867.12,"1,482.49"
"7,968.00","8,015.99",866.12,"1,481.49"
"8,016.00","8,031.99",865.12,"1,480.49"
"8,032.00","8,063.99",864.12,"1,479.49"
"8,064.00","8,111.99",863.12,"1,478.49"
"8,112.00","8,127.99",862.12,"1,477.49"
"8,128.00","8,159.99",861.12,"1,476.49"
"8,160.00","8,207.99",860.12,"1,475.49"
"8,208.00","8,223.99",859.12,"1,474.49"
"8,224.00","8,255.99",858.12,"1,473.49"
"8,256.00","8,303.99",857.12,"1,472.49"
"8,304.00","8,319.99",856.12,"1,471.49"
"8,320.00","8,351.99",855.12,"1,470.49"
"8,352.00","8,399.99",854.12,"1,469.49"
"8,400.00","8,415.99",853.12,"1,468.49"
"8,416.00","8,447.99",852.12,"1,467.49"
"8,448.00","8,495.99",851.12,"1,466.49"
"8,496.00","8,511.99",850.12,"1,465.49"
"8,512.00","8,543.99",849.12,"1,464.49"
"8,544.00","8,591.99",848.12,"1,463.49"
"8,592.00","8,607.99",847.12,"1,462.49"
"8,608.00","8,639.99",846.12,"1,461.49"
"8,640.00","8,687.99",845.12,"1,460.49"
"8,688.00","8,703.99",844.12,"1,459.49"
"8,704.00","8,735.99",843.12,"1,458.49"
"8,736.00","8,783.99",842.12,"1,457.49"
"8,784.00","8,799.99",841.12,"1,456.49"
"8,800.00","8,831.99",840.12,"1,455.49"
"8,832.00","8,879.99",839.12,"1,454.49"
"8,880.00","8,895.99",838.12,"1,453.49"
"8,896.00","8,927.99",837.12,"1,452.49"
"8,928.00","8,975.99",836.12,"1,451.49"
"8,976.00","8,991.99",835.12,"1,450.49"
"8,992.00","9,023.99",834.12,"1,449.49"
"9,024.00","9,071.99",833.12,"1,448.49"
"9,072.00","9,087.99",832.12,"1,447.49"
"9,088.00","9,119.99",831.12,"1,446.49"
"9,120.00","9,167.99",830.12,"1,445.49"
"9,168.00","9,183.99",829.12,"1,444.49"
"9,184.00","9,215.99",828.12,"1,443.49"
"9,216.00","9,263.99",827.12,"1,442.49"
"9,264.00","9,279.99",826.12,"1,441.49"
"9,280.00","9,311.99",825.12,"1,440.49"
"9,312.00","9,359.99",824.12,"1,439.49"
"9,360.00","9,375.99",823.12,"1,438.49"
"9,376.00","9,407.99",822.12,"1,437.49"
"9,408.00","9,455.99",821.12,"1,436.49"
"9,456.00","9,471.99",820.12,"1,435.49"
"9,472.00","9,503.99",819.12,"1,434.49"
"9,504.00","9,551.99",818.12,"1,433.49"
"9,552.00","9,567.99",817.12,"1,432.49"
"9,568.00","9,599.99",816.12,"1,431.49"
"9,600.00","9,647.99",815.12,"1,430.49"
"9,648.00","9,663.99",814.12,"1,429.49"
"9,664.00","9,695.99",813.12,"1,428.49"
"9,696.00","9,743.99",812.12,"1,427.49"
"9,744.00","9,759.99",811.12,"1,426.49"
"9,760.00","9,791.99",810.12,"1,425.49"
"9,792.00","9,839.99",809.12,"1,424.49"
"9,840.00","9,855.99",808.12,"1,423.49"
"9,856.00","9,887.99",807.12,"1,422.49"
"9,888.00","9,935.99",806.12,"1,421.49"
"9,936.00","9,951.99",805.12,"1,420.49"
"9,952.00","9,983.99",804.12,"1,419.49"
"9,984.00","10,031.99",803.12,"1,418.49"
"10,032.00","10,047.99",802.12,"1,417.49"
"10,048.00","10,079.99",801.12,"1,416.49"
"10,080.00","10,127.99",800.12,"1,415.49"
"10,128.00","10,143.99",799.12,"1,414.49"
"10,144.00","10,175.99",798.12,"1,413.49"
"10,176.00","10,223.99",797.12,"1,412.49"
"10,224.00","10,239.99",796.12,"1,411.49"
"10,240.00","10,271.99",795.12,"1,410.49"
"10,272.00","10,319.99",794.12,"1,409.49"
"10,320.00","10,335.99",793.12,"1,408.49"
"10,336.00","10,367.99",792.12,"1,407.49"
"10,368.00","10,415.99",791.12,"1,406.49"
"10,416.00","10,431.99",790.12,"1,405.49"
"10,432.00","10,463.99",789.12,"1,404.49"
"10,464.00","10,511.99",788.12,"1,403.49"
"10,512.00","10,527.99",787.12,"1,402.49"
"10,528.00","10,559.99",786.12,"1,401.49"
"10,560.00","10,607.99",785.12,"1,400.49"
"10,608.00","10,623.99",784.12,"1,399.49"
"10,624.00","10,655.99",783.12,"1,398.49"
"10,656.00","10,703.99",782.12,"1,397.49"
"10,704.00","10,719.99",781.12,"1,396.49"
"10,720.00","10,751.99",780.12,"1,395.49"
"10,752.00","10,799.99",779.12,"1,394.49"
"10,800.00","10,815.99",778.12,"1,393.49"
"10,816.00","10,847.99",777.12,"1,392.49"
"10,848.00","10,895.99",776.12,"1,391.49"
"10,896.00","10,911.99",775.12,"1,390.49"
"10,912.00","10,943.99",774.12,"1,389.49"
"10,944.00","10,991.99",773.12,"1,388.49"
"10,992.00","11,007.99",772.12,"1,387.49"
"11,008.00","11,039.99",771.12,"1,386.49"
"11,040.00","11,087.99",770.12,"1,385.49"
"11,088.00","11,103.99",769.12,"1,384.49"
"11,104.00","11,135.99",768.12,"1,383.49"
"11,136.00","11,183.99",767.12,"1,382.49"
"11,184.00","11,199.99",766.12,"1,381.49"
"11,200.00","11,231.99",765.12,"1,380.49"
"11,232.00","11,279.99",764.12,"1,379.49"
"11,280.00","11,295.99",763.12,"1,378.49"
"11,296.00","11,327.99",762.12,"1,377.49"
"11,328.00","11,375.99",761.12,"1,376.49"
"11,376.00","11,391.99",760.12,"1,375.49"
"11,392.00","11,423.99",759.12,"1,374.49"
"11,424.00","11,471.99",758.12,"1,373.49"
"11,472.00","11,487.99",757.12,"1,372.49"
"11,488.00","11,519.99",756.12,"1,371.49"
"11,520.00","11,567.99",755.12,"1,370.49"
"11,568.00","11,583.99",754.12,"1,369.49"
"11,584.00","11,615.99",753.12,"1,368.49"
"11,616.00","11,663.99",752.12,"1,367.49"
"11,664.00","11,679.99",751.12,"1,366.49"
"11,680.00","11,711.99",750.12,"1,365.49"
"11,712.00","11,759.99",749.12,"1,364.49"
"11,760.00","11,775.99",748.12,"1,363.49"
"11,776.00","11,807.99",747.12,"1,362.49"
"11,808.00","11,855.99",746.12,"1,361.49"
"11,856.00","11,871.99",745.12,"1,360.49"
"11,872.00","11,903.99",744.12,"1,359.49"
"11,904.00","11,951.99",743.12,"1,358.49"
"11,952.00","11,967.99",742.12,"1,357.49"
"11,968.00","11,999.99",741.12,"1,356.49"
"12,000.00","12,047.99",740.12,"1,355.49"
"12,048.00","12,063.99",739.12,"1,354.49"
"12,064.00","12,095.99",738.12,"1,353.49"
"12,096.00","12,143.99",737.12,"1,352.49"
"12,144.00","12,159.99",736.12,"1,351.49"
"12,160.00","12,191.99",735.12,"1,350.49"
"12,192.00","12,239.99",734.12,"1,349.49"
"12,240.00","12,255.99",733.12,"1,348.49"
"12,256.00","12,287.99",732.12,"1,347.49"
"12,288.00","12,335.99",731.12,"1,346.49"
"12,336.00","12,351.99",730.12,"1,345.49"
"12,352.00","12,383.99",729.12,"1,344.49"
"12,384.00","12,431.99",728.12,"1,343.49"
"12,432.00","12,447.99",727.12,"1,342.49"
"12,448.00","12,479.99",726.12,"1,341.49"
"12,480.00","12,527.99",725.12,"1,340.49"
"12,528.00","12,543.99",724.12,"1,339.49"
"12,544.00","12,575.99",723.12,"1,338.49"
"12,576.00","12,623.99",722.12,"1,337.49"
"12,624.00","12,639.99",721.12,"1,336.49"
"12,640.00","12,671.99",720.12,"1,335.49"
"12,672.00","12,719.99",719.12,"1,334.49"
"12,720.00","12,735.99",718.12,"1,333.49"
"12,736.00","12,767.99",717.12,"1,332.49"
"12,768.00","12,815.99",716.12,"1,331.49"
"12,816.00","12,831.99",715.12,"1,330.49"
"12,832.00","12,863.99",714.12,"1,329.49"
"12,864.00","12,911.99",713.12,"1,328.49"
"12,912.00","12,927.99",712.12,"1,327.49"
"12,928.00","12,959.99",711.12,"1,326.49"
"12,960.00","13,007.99",710.12,"1,325.49"
"13,008.00","13,023.99",709.12,"1,324.49"
"13,024.00","13,055.99",708.12,"1,323.49"
"13,056.00","13,103.99",707.12,"1,322.49"
"13,104.00","13,119.99",706.12,"1,321.49"
"13,120.00","13,151.99",705.12,"1,320.49"
"13,152.00","13,199.99",704.12,"1,319.49"
"13,200.00","13,215.99",703.12,"1,318.49"
"13,216.00","13,247.99",702.12,"1,317.49"
"13,248.00","13,295.99",701.12,"1,316.49"
"13,296.00","13,311.99",700.12,"1,315.49"
"13,312.00","13,343.99",699.12,"1,314.49"
"13,344.00","13,391.99",698.12,"1,313.49"
"13,392.00","13,407.99",697.12,"1,312.49"
"13,408.00","13,439.99",696.12,"1,311.49"
"13,440.00","13,487.99",695.12,"1,310.49"
"13,488.00","13,503.99",694.12,"1,309.49"
"13,504.00","13,535.99",693.12,"1,308.49"
"13,536.00","13,583.99",692.12,"1,307.49"
"13,584.00","13,599.99",691.12,"1,306.49"
"13,600.00","13,631.99",690.12,"1,305.49"
"13,632.00","13,679.99",689.12,"1,304.49"
"13,680.00","13,695.99",688.12,"1,303.49"
"13,696.00","13,727.99",687.12,"1,302.49"
"13,728.00","13,775.99",686.12,"1,301.49"
"13,776.00","13,791.99",685.12,"1,300.49"
"13,792.00","13,823.99",684.12,"1,299.49"
"13,824.00","13,871.99",683.12,"1,298.49"
"13,872.00","13,887.99",682.12,"1,297.49"
"13,888.00","13,919.99",681.12,"1,296.49"
"13,920.00","13,967.99",680.12,"1,295.49"
"13,968.00","13,983.99",679.12,"1,294.49"
"13,984.00","14,015.99",678.12,"1,293.49"
"14,016.00","14,063.99",677.12,"1,292.49"
"14,064.00","14,079.99",676.12,"1,291.49"
"14,080.00","14,111.99",675.12,"1,290.49"
"14,112.00","14,159.99",674.12,"1,289.49"
"14,160.00","14,175.99",673.12,"1,288.49"
"14,176.00","14,207.99",672.12,"1,287.49"
"14,208.00","14,255.99",671.12,"1,286.49"
"14,256.00","14,271.99",670.12,"1,285.49"
"14,272.00","14,303.99",669.12,"1,284.49"
"14,304.00","14,351.99",668.12,"1,283.49"
"14,352.00","14,367.99",667.12,"1,282.49"
"14,368.00","14,399.99",666.12,"1,281.49"
"14,400.00","14,447.99",665.12,"1,280.49"
"14,448.00","14,463.99",664.12,"1,279.49"
"14,464.00","14,495.99",663.12,"1,278.49"
"14,496.00","14,543.99",662.12,"1,277.49"
"14,544.00","14,559.99",661.12,"1,276.49"
"14,560.00","14,591.99",660.12,"1,275.49"
"14,592.00","14,639.99",659.12,"1,274.49"
"14,640.00","14,655.99",658.12,"1,273.49"
"14,656.00","14,687.99",657.12,"1,272.49"
"14,688.00","14,735.99",656.12,"1,271.49"
"14,736.00","14,751.99",655.12,"1,270.49"
"14,752.00","14,783.99",654.12,"1,269.49"
"14,784.00","14,831.99",653.12,"1,268.49"
"14,832.00","14,847.99",652.12,"1,267.49"
"14,848.00","14,879.99",651.12,"1,266.49"
"14,880.00","14,927.99",650.12,"1,265.49"
"14,928.00","14,943.99",649.12,"1,264.49"
"14,944.00","14,975.99",648.12,"1,263.49"
"14,976.00","15,023.99",647.12,"1,262.49"
"15,024.00","15,039.99",646.12,"1,261.49"
"15,040.00","15,071.99",645.12,"1,260.49"
"15,072.00","15,119.99",644.12,"1,259.49"
"15,120.00","15,135.99",643.12,"1,258.49"
"15,136.00","15,167.99",642.12,"1,257.49"
"15,168.00","15,215.99",641.12,"1,256.49"
"15,216.00","15,231.99",640.12,"1,255.49"
"15,232.00","15,263.99",639.12,"1,254.49"
"15,264.00","15,311.99",638.12,"1,253.49"
"15,312.00","15,327.99",637.12,"1,252.49"
"15,328.00","15,359.99",636.12,"1,251.49"
"15,360.00","15,407.99",635.12,"1,250.49"
"15,408.00","15,423.99",634.12,"1,249.49"
"15,424.00","15,455.99",633.12,"1,248.49"
"15,456.00","15,503.99",632.12,"1,247.49"
"15,504.00","15,519.99",631.12,"1,246.49"
"15,520.00","15,551.99",630.12,"1,245.49"
"15,552.00","15,599.99",629.12,"1,244.49"
"15,600.00","15,615.99",628.12,"1,243.49"
"15,616.00","15,647.99",627.12,"1,242.49"
"15,648.00","15,695.99",626.12,"1,241.49"
"15,696.00","15,711.99",625.12,"1,240.49"
"15,712.00","15,743.99",624.12,"1,239.49"
"15,744.00","15,791.99",623.12,"1,238.49"
"15,792.00","15,807.99",622.12,"1,237.49"
"15,808.00","15,839.99",621.12,"1,236.49"
"15,840.00","15,887.99",620.12,"1,235.49"
"15,888.00","15,903.99",619.12,"1,234.49"
"15,904.00","15,935.99",618.12,"1,233.49"
"15,936.00","15,983.99",617.12,"1,232.49"
"15,984.00","15,999.99",616.12,"1,231.49"
"16,000.00","16,031.99",615.12,"1,230.49"
"16,032.00","16,079.99",614.12,"1,229.49"
"16,080.00","16,095.99",613.12,"1,228.49"
"16,096.00","16,127.99",612.12,"1,227.49"
"16,128.00","16,175.99",611.12,"1,226.49"
"16,176.00","16,191.99",610.12,"1,225.49"
"16,192.00","16,223.99",609.12,"1,224.49"
"16,224.00","16,271.99",608.12,"1,223.49"
"16,272.00","16,287.99",607.12,"1,222.49"
"16,288.00","16,319.99",606.12,"1,221.49"
"16,320.00","16,367.99",605.12,"1,220.49"
"16,368.00","16,383.99",604.12,"1,219.49"
"16,384.00","16,415.99",603.12,"1,218.49"
"16,416.00","16,463.99",602.12,"1,217.49"
"16,464.00","16,479.99",601.12,"1,216.49"
"16,480.00","16,511.99",600.12,"1,215.49"
"16,512.00","16,559.99",599.12,"1,214.49"
"16,560.00","16,575.99",598.12,"1,213.49"
"16,576.00","16,607.99",597.12,"1,212.49"
"16,608.00","16,655.99",596.12,"1,211.49"
"16,656.00","16,671.99",595.12,"1,210.49"
"16,672.00","16,703.99",594.12,"1,209.49"
"16,704.00","16,751.99",593.12,"1,208.49"
"16,752.00","16,767.99",592.12,"1,207.49"
"16,768.00","16,799.99",591.12,"1,206.49"
"16,800.00","16,847.99",590.12,"1,205.49"
"16,848.00","16,863.99",589.12,"1,204.49"
"16,864.00","16,895.99",588.12,"1,203.49"
"16,896.00","16,943.99",587.12,"1,202.49"
"16,944.00","16,959.99",586.12,"1,201.49"
"16,960.00","16,991.99",585.12,"1,200.49"
"16,992.00","17,039.99",584.12,"1,199.49"
"17,040.00","17,055.99",583.12,"1,198.49"
"17,056.00","17,087.99",582.12,"1,197.49"
"17,088.00","17,135.99",581.12,"1,196.49"
"17,136.00","17,151.99",580.12,"1,195.49"
"17,152.00","17,183.99",579.12,"1,194.49"
"17,184.00","17,231.99",578.12,"1,193.49"
"17,232.00","17,247.99",577.12,"1,192.49"
"17,248.00","17,279.99",576.12,"1,191.49"
"17,280.00","17,327.99",575.12,"1,190.49"
"17,328.00","17,343.99",574.12,"1,189.49"
"17,344.00","17,375.99",573.12,"1,188.49"
"17,376.00","17,423.99",572.12,"1,187.49"
"17,424.00","17,439.99",571.12,"1,186.49"
"17,440.00","17,471.99",570.12,"1,185.49"
"17,472.00","17,519.99",569.12,"1,184.49"
"17,520.00","17,535.99",568.12,"1,183.49"
"17,536.00","17,567.99",567.12,"1,182.49"
"17,568.00","17,615.99",566.12,"1,181.49"
"17,616.00","17,631.99",565.12,"1,180.49"
"17,632.00","17,663.99",564.12,"1,179.49"
"17,664.00","17,711.99",563.12,"1,178.49"
"17,712.00","17,727.99",562.12,"1,177.49"
"17,728.00","17,759.99",561.76,"1,177.13"
"17,760.00","17,807.99",560.76,"1,176.13"
"17,808.00","17,855.99",559.76,"1,175.13"
"17,856.00","17,903.99",558.76,"1,174.13"
"17,904.00","17,951.99",557.76,"1,173.13"
"17,952.00","17,999.99",556.76,"1,172.13"
"18,000.00","18,047.99",555.76,"1,171.13"
"18,048.00","18,095.99",554.76,"1,170.13"
"18,096.00","18,143.99",553.76,"1,169.13"
"18,144.00","18,191.99",552.76,"1,168.13"
"18,192.00","18,239.99",551.76,"1,167.13"
"18,240.00","18,287.99",550.76,"1,166.13"
"18,288.00","18,335.99",549.76,"1,165.13"
"18,336.00","18,383.99",548.76,"1,164.13"
"18,384.00","18,431.99",547.76,"1,163.13"
"18,432.00","18,479.99",546.76,"1,162.13"
"18,480.00","18,527.99",545.76,"1,161.13"
"18,528.00","18,575.99",544.76,"1,160.13"
"18,576.00","18,623.99",543.76,"1,159.13"
"18,624.00","18,671.99",542.76,"1,158.13"
"18,672.00","18,719.99",541.76,"1,157.13"
"18,720.00","18,767.99",540.76,"1,156.13"
"18,768.00","18,815.99",539.76,"1,155.13"
"18,816.00","18,863.99",538.76,"1,154.13"
"18,864.00","18,911.99",537.76,"1,153.13"
"18,912.00","18,959.99",536.76,"1,152.13"
"18,960.00","19,007.99",535.76,"1,151.13"
"19,008.00","19,055.99",534.76,"1,150.13"
"19,056.00","19,103.99",533.76,"1,149.13"
"19,104.00","19,151.99",532.76,"1,148.13"
"19,152.00","19,199.99",531.76,"1,147.13"
"19,200.00","19,247.99",530.76,"1,146.13"
"19,248.00","19,295.99",529.76,"1,145.13"
"19,296.00","19,343.99",528.76,"1,144.13"
"19,344.00","19,391.99",527.76,"1,143.13"
"19,392.00","19,439.99",526.76,"1,142.13"
"19,440.00","19,487.99",525.76,"1,141.13"
"19,488.00","19,535.99",524.76,"1,140.13"
"19,536.00","19,583.99",523.76,"1,139.13"
"19,584.00","19,631.99",522.76,"1,138.13"
"19,632.00","19,679.99",521.76,"1,137.13"
"19,680.00","19,727.99",520.76,"1,136.13"
"19,728.00","19,775.99",519.76,"1,135.13"
"19,776.00","19,823.99",518.76,"1,134.13"
"19,824.00","19,871.99",517.76,"1,133.13"
"19,872.00","19,919.99",516.76,"1,132.13"
"19,920.00","19,967.99",515.76,"1,131.13"
"19,968.00","20,015.99",514.76,"1,130.13"
"20,016.00","20,063.99",513.76,"1,129.13"
"20,064.00","20,111.99",512.76,"1,128.13"
"20,112.00","20,159.99",511.76,"1,127.13"
"20,160.00","20,207.99",510.76,"1,126.13"
"20,208.00","20,255.99",509.76,"1,125.13"
"20,256.00","20,303.99",508.76,"1,124.13"
"20,304.00","20,351.99",507.76,"1,123.13"
"20,352.00","20,399.99",506.76,"1,122.13"
"20,400.00","20,447.99",505.76,"1,121.13"
"20,448.00","20,495.99",504.76,"1,120.13"
"20,496.00","20,543.99",503.76,"1,119.13"
"20,544.00","20,591.99",502.76,"1,118.13"
"20,592.00","20,639.99",501.76,"1,117.13"
"20,640.00","20,687.99",500.76,"1,116.13"
"20,688.00","20,735.99",499.76,"1,115.13"
"20,736.00","20,783.99",498.76,"1,114.13"
"20,784.00","20,831.99",497.76,"1,113.13"
"20,832.00","20,879.99",496.76,"1,112.13"
"20,880.00","20,927.99",495.76,"1,111.13"
"20,928.00","20,975.99",494.76,"1,110.13"
"20,976.00","21,023.99",493.76,"1,109.13"
"21,024.00","21,071.99",492.76,"1,108.13"
"21,072.00","21,119.99",491.76,"1,107.13"
"21,120.00","21,167.99",490.76,"1,106.13"
"21,168.00","21,215.99",489.76,"1,105.13"
"21,216.00","21,263.99",488.76,"1,104.13"
"21,264.00","21,311.99",487.76,"1,103.13"
"21,312.00","21,359.99",486.76,"1,102.13"
"21,360.00","21,407.99",485.76,"1,101.13"
"21,408.00","21,455.99",484.76,"1,100.13"
"21,456.00","21,503.99",483.76,"1,099.13"
"21,504.00","21,551.99",482.76,"1,098.13"
"21,552.00","21,599.99",481.76,"1,097.13"
"21,600.00","21,647.99",480.76,"1,096.13"
"21,648.00","21,695.99",479.76,"1,095.13"
"21,696.00","21,743.99",478.76,"1,094.13"
"21,744.00","21,791.99",477.76,"1,093.13"
"21,792.00","21,839.99",476.76,"1,092.13"
"21,840.00","21,887.99",475.76,"1,091.13"
"21,888.00","21,935.99",474.76,"1,090.13"
"21,936.00","21,983.99",473.76,"1,089.13"
"21,984.00","22,031.99",472.76,"1,088.13"
"22,032.00","22,079.99",471.76,"1,087.13"
"22,080.00","22,127.99",470.76,"1,086.13"
"22,128.00","22,175.99",469.76,"1,085.13"
"22,176.00","22,223.99",468.76,"1,084.13"
"22,224.00","22,271.99",467.76,"1,083.13"
"22,272.00","22,319.99",466.76,"1,082.13"
"22,320.00","22,367.99",465.76,"1,081.13"
"22,368.00","22,415.99",464.76,"1,080.13"
"22,416.00","22,463.99",463.76,"1,079.13"
"22,464.00","22,511.99",462.76,"1,078.13"
"22,512.00","22,559.99",461.76,"1,077.13"
"22,560.00","22,607.99",460.76,"1,076.13"
"22,608.00","22,655.99",459.76,"1,075.13"
"22,656.00","22,703.99",458.76,"1,074.13"
"22,704.00","22,751.99",457.76,"1,073.13"
"22,752.00","22,799.99",456.76,"1,072.13"
"22,800.00","22,847.99",455.76,"1,071.13"
"22,848.00","22,895.99",454.76,"1,070.13"
"22,896.00","22,943.99",453.76,"1,069.13"
"22,944.00","22,991.99",452.76,"1,068.13"
"22,992.00","23,039.99",451.76,"1,067.13"
"23,040.00","23,087.99",450.76,"1,066.13"
"23,088.00","23,135.99",449.76,"1,065.13"
"23,136.00","23,183.99",448.76,"1,064.13"
"23,184.00","23,231.99",447.76,"1,063.13"
"23,232.00","23,279.99",446.76,"1,062.13"
"23,280.00","23,327.99",445.76,"1,061.13"
"23,328.00","23,375.99",444.76,"1,060.13"
"23,376.00","23,423.99",443.76,"1,059.13"
"23,424.00","23,471.99",442.76,"1,058.13"
"23,472.00","23,519.99",441.76,"1,057.13"
"23,520.00","23,567.99",440.76,"1,056.13"
"23,568.00","23,615.99",439.76,"1,055.13"
"23,616.00","23,663.99",438.76,"1,054.13"
"23,664.00","23,711.99",437.76,"1,053.13"
"23,712.00","23,759.99",436.76,"1,052.13"
"23,760.00","23,807.99",435.76,"1,051.13"
"23,808.00","23,855.99",434.76,"1,050.13"
"23,856.00","23,903.99",433.76,"1,049.13"
"23,904.00","23,951.99",432.76,"1,048.13"
"23,952.00","23,999.99",431.76,"1,047.13"
"24,000.00","24,047.99",430.76,"1,046.13"
"24,048.00","24,095.99",429.76,"1,045.13"
"24,096.00","24,143.99",428.76,"1,044.13"
"24,144.00","24,191.99",427.76,"1,043.13"
"24,192.00","24,239.99",426.76,"1,042.13"
"24,240.00","24,287.99",425.76,"1,041.13"
"24,288.00","24,335.99",424.76,"1,040.13"
"24,336.00","24,383.99",423.76,"1,039.13"
"24,384.00","24,431.99",422.76,"1,038.13"
"24,432.00","24,479.99",421.76,"1,037.13"
"24,480.00","24,527.99",420.76,1036.13
"24,528.00","24,575.99",419.76,1035.13
"24,576.00","24,623.99",418.76,1034.13
"24,624.00","24,671.99",417.76,1033.13
"24,672.00","24,719.99",416.76,1032.13
"24,720.00","24,767.99",415.76,1031.13
"24,768.00","24,815.99",414.76,1030.13
"24,816.00","24,863.99",413.76,1029.13
"24,864.00","24,911.99",412.76,1028.13
"24,912.00","24,959.99",411.76,1027.13
"24,960.00","25,007.99",410.76,1026.13
"25,008.00","25,055.99",409.76,1025.13
"25,056.00","25,103.99",408.76,1024.13
"25,104.00","25,151.99",407.76,1023.13
"25,152.00","25,199.99",406.76,1022.13
"25,200.00","25,247.99",405.76,1021.13
"25,248.00","25,295.99",404.76,1020.13
"25,296.00","25,343.99",403.76,1019.13
"25,344.00","25,391.99",402.76,1018.13
"25,392.00","25,439.99",401.76,1017.13
"25,440.00","25,487.99",400.76,1016.13
"25,488.00","25,535.99",399.76,1015.13
"25,536.00","25,583.99",398.76,1014.13
"25,584.00","25,631.99",397.76,1013.13
"25,632.00","25,679.99",396.76,1012.13
"25,680.00","25,727.99",395.76,1011.13
"25,728.00","25,775.99",394.76,1010.13
"25,776.00","25,823.99",393.76,1009.13
"25,824.00","25,871.99",392.76,1008.13
"25,872.00","25,919.99",391.76,1007.13
"25,920.00","25,967.99",390.76,1006.13
"25,968.00","26,015.99",389.76,1005.13
"26,016.00","26,063.99",388.76,1004.13
"26,064.00","26,111.99",387.76,1003.13
"26,112.00","26,159.99",386.76,1002.13
"26,160.00","26,207.99",385.76,1001.13
"26,208.00","26,255.99",384.76,1000.13
"26,256.00","26,303.99",383.76,999.13
"26,304.00","26,351.99",382.76,998.13
"26,352.00","26,399.99",381.76,997.13
"26,400.00","26,447.99",380.76,996.13
"26,448.00","26,495.99",379.76,995.13
"26,496.00","26,543.99",378.76,994.13
"26,544.00","26,591.99",377.76,993.13
"26,592.00","26,639.99",376.76,992.13
"26,640.00","26,687.99",375.76,991.13
"26,688.00","26,735.99",374.76,990.13
"26,736.00","26,783.99",373.76,989.13
"26,784.00","26,831.99",372.76,988.13
"26,832.00","26,879.99",371.76,987.13
"26,880.00","26,927.99",370.76,986.13
"26,928.00","26,975.99",369.76,985.13
"26,976.00","27,023.99",368.76,984.13
"27,024.00","27,071.99",367.76,983.13
"27,072.00","27,119.99",366.76,982.13
"27,120.00","27,167.99",365.76,981.13
"27,168.00","27,215.99",364.76,980.13
"27,216.00","27,263.99",363.76,979.13
"27,264.00","27,311.99",362.76,978.13
"27,312.00","27,359.99",361.76,977.13
"27,360.00","27,407.99",360.76,976.13
"27,408.00","27,455.99",359.76,975.13
"27,456.00","27,503.99",358.76,974.13
"27,504.00","27,551.99",357.76,973.13
"27,552.00","27,599.99",356.76,972.13
"27,600.00","27,647.99",355.76,971.13
"27,648.00","27,695.99",354.76,970.13
"27,696.00","27,743.99",353.76,969.13
"27,744.00","27,791.99",352.76,968.13
"27,792.00","27,839.99",351.76,967.13
"27,840.00","27,887.99",350.76,966.13
"27,888.00","27,935.99",349.76,965.13
"27,936.00","27,983.99",348.76,964.13
"27,984.00","28,031.99",347.76,963.13
"28,032.00","28,079.99",346.76,962.13
"28,080.00","28,127.99",345.76,961.13
"28,128.00","28,175.99",344.76,960.13
"28,176.00","28,223.99",343.76,959.13
"28,224.00","28,271.99",342.76,958.13
"28,272.00","28,319.99",341.76,957.13
"28,320.00","28,367.99",340.76,956.13
"28,368.00","28,415.99",339.76,955.13
"28,416.00","28,463.99",338.76,954.13
"28,464.00","28,511.99",337.76,953.13
"28,512.00","28,559.99",336.76,952.13
"28,560.00","28,607.99",335.76,951.13
"28,608.00","28,655.99",334.76,950.13
"28,656.00","28,703.99",333.76,949.13
"28,704.00","28,751.99",332.76,948.13
"28,752.00","28,799.99",331.76,947.13
"28,800.00","28,847.99",330.76,946.13
"28,848.00","28,895.99",329.76,945.13
"28,896.00","28,943.99",328.76,944.13
"28,944.00","28,991.99",327.76,943.13
"28,992.00","29,039.99",326.76,942.13
"29,040.00","29,087.99",325.76,941.13
"29,088.00","29,135.99",324.76,940.13
"29,136.00","29,183.99",323.76,939.13
"29,184.00","29,231.99",322.76,938.13
"29,232.00","29,279.99",321.76,937.13
"29,280.00","29,327.99",320.76,936.13
"29,328.00","29,375.99",319.76,935.13
"29,376.00","29,423.99",318.76,934.13
"29,424.00","29,471.99",317.76,933.13
"29,472.00","29,519.99",316.76,932.13
"29,520.00","29,567.99",315.76,931.13
"29,568.00","29,615.99",314.76,930.13
"29,616.00","29,663.99",313.76,929.13
"29,664.00","29,711.99",312.76,928.13
"29,712.00","29,759.99",311.76,927.13
"29,760.00","29,807.99",310.76,926.13
"29,808.00","29,855.99",309.76,925.13
"29,856.00","29,903.99",308.76,924.13
"29,904.00","29,951.99",307.76,923.13
"29,952.00","29,999.99",306.76,922.13
"30,000.00","30,047.99",305.76,921.13
"30,048.00","30,095.99",304.76,920.13
"30,096.00","30,143.99",303.76,919.13
"30,144.00","30,191.99",302.76,918.13
"30,192.00","30,239.99",301.76,917.13
"30,240.00","30,287.99",300.76,916.13
"30,288.00","30,335.99",299.76,915.13
"30,336.00","30,383.99",298.76,914.13
"30,384.00","30,431.99",297.76,913.13
"30,432.00","30,479.99",296.76,912.13
"30,480.00","30,527.99",295.76,911.13
"30,528.00","30,575.99",294.76,910.13
"30,576.00","30,623.99",293.76,909.13
"30,624.00","30,671.99",292.76,908.13
"30,672.00","30,719.99",291.76,907.13
"30,720.00","30,767.99",290.76,906.13
"30,768.00","30,815.99",289.76,905.13
"30,816.00","30,863.99",288.76,904.13
"30,864.00","30,911.99",287.76,903.13
"30,912.00","30,959.99",286.76,902.13
"30,960.00","31,007.99",285.76,901.13
"31,008.00","31,055.99",284.76,900.13
"31,056.00","31,103.99",283.76,899.13
"31,104.00","31,151.99",282.76,898.13
"31,152.00","31,199.99",281.76,897.13
"31,200.00","31,247.99",280.76,896.13
"31,248.00","31,295.99",279.76,895.13
"31,296.00","31,343.99",278.76,894.13
"31,344.00","31,391.99",277.76,893.13
"31,392.00","31,439.99",276.76,892.13
"31,440.00","31,487.99",275.76,891.13
"31,488.00","31,535.99",274.76,890.13
"31,536.00","31,583.99",273.76,889.13
"31,584.00","31,631.99",272.76,888.13
"31,632.00","31,679.99",271.76,887.13
"31,680.00","31,727.99",270.76,886.13
"31,728.00","31,775.99",269.76,885.13
"31,776.00","31,823.99",268.76,884.13
"31,824.00","31,871.99",267.76,883.13
"31,872.00","31,919.99",266.76,882.13
"31,920.00","31,967.99",265.76,881.13
"31,968.00","32,015.99",264.76,880.13
"32,016.00","32,063.99",263.76,879.13
"32,064.00","32,111.99",262.76,878.13
"32,112.00","32,159.99",261.76,877.13
"32,160.00","32,207.99",260.76,876.13
"32,208.00","32,255.99",259.76,875.13
"32,256.00","32,303.99",258.76,874.13
"32,304.00","32,351.99",257.76,873.13
"32,352.00","32,399.99",256.76,872.13
"32,400.00","32,447.99",255.76,871.13
"32,448.00","32,495.99",254.76,870.13
"32,496.00","32,543.99",253.76,869.13
"32,544.00","32,591.99",252.76,868.13
"32,592.00","32,639.99",251.76,867.13
"32,640.00","32,687.99",250.76,866.13
"32,688.00","32,735.99",249.76,865.13
"32,736.00","32,783.99",248.76,864.13
"32,784.00","32,831.99",247.76,863.13
"32,832.00","32,879.99",246.76,862.13
"32,880.00","32,927.99",245.76,861.13
"32,928.00","32,975.99",244.76,860.13
"32,976.00","33,023.99",243.76,859.13
"33,024.00","33,071.99",242.76,858.13
"33,072.00","33,119.99",241.76,857.13
"33,120.00","33,167.99",240.76,856.13
"33,168.00","33,215.99",239.76,855.13
"33,216.00","33,263.99",238.76,854.13
"33,264.00","33,311.99",237.76,853.13
"33,312.00","33,359.99",236.76,852.13
"33,360.00","33,407.99",235.76,851.13
"33,408.00","33,455.99",234.76,850.13
"33,456.00","33,503.99",233.76,849.13
"33,504.00","33,551.99",232.76,848.13
"33,552.00","33,599.99",231.76,847.13
"33,600.00","33,647.99",230.76,846.13
"33,648.00","33,695.99",229.76,845.13
"33,696.00","33,743.99",228.76,844.13
"33,744.00","33,791.99",227.76,843.13
"33,792.00","33,839.99",226.76,842.13
"33,840.00","33,887.99",225.76,841.13
"33,888.00","33,935.99",224.76,840.13
"33,936.00","33,983.99",223.76,839.13
"33,984.00","34,031.99",222.76,838.13
"34,032.00","34,079.99",221.76,837.13
"34,080.00","34,127.99",220.76,836.13
"34,128.00","34,175.99",219.76,835.13
"34,176.00","34,223.99",218.76,834.13
"34,224.00","34,271.99",217.76,833.13
"34,272.00","34,319.99",216.76,832.13
"34,320.00","34,367.99",215.76,831.13
"34,368.00","34,415.99",214.76,830.13
"34,416.00","34,463.99",213.76,829.13
"34,464.00","34,511.99",212.76,828.13
"34,512.00","34,559.99",211.76,827.13
"34,560.00","34,607.99",210.76,826.13
"34,608.00","34,655.99",209.76,825.13
"34,656.00","34,703.99",208.76,824.13
"34,704.00","34,751.99",207.76,823.13
"34,752.00","34,799.99",206.76,822.13
"34,800.00","34,847.99",205.76,821.13
"34,848.00","34,895.99",204.76,820.13
"34,896.00","34,943.99",203.76,819.13
"34,944.00","34,991.99",202.76,818.13
"34,992.00","35,039.99",201.76,817.13
"35,040.00","35,087.99",200.76,816.13
"35,088.00","35,135.99",199.76,815.13
"35,136.00","35,183.99",198.76,814.13
"35,184.00","35,231.99",197.76,813.13
"35,232.00","35,279.99",196.76,812.13
"35,280.00","35,327.99",195.76,811.13
"35,328.00","35,375.99",194.76,810.13
"35,376.00","35,423.99",193.76,809.13
"35,424.00","35,471.99",192.76,808.13
"35,472.00","35,519.99",191.76,807.13
"35,520.00","35,567.99",190.76,806.13
"35,568.00","35,615.99",189.76,805.13
"35,616.00","35,663.99",188.76,804.13
"35,664.00","35,711.99",187.76,803.13
"35,712.00","35,759.99",186.76,802.13
"35,760.00","35,807.99",185.76,801.13
"35,808.00","35,855.99",184.76,800.13
"35,856.00","35,903.99",183.76,799.13
"35,904.00","35,951.99",182.76,798.13
"35,952.00","35,999.99",181.76,797.13
"36,000.00","36,047.99",180.76,796.13
"36,048.00","36,095.99",179.76,795.13
"36,096.00","36,143.99",178.76,794.13
"36,144.00","36,191.99",177.76,793.13
"36,192.00","36,239.99",176.76,792.13
"36,240.00","36,287.99",175.76,791.13
"36,288.00","36,335.99",174.76,790.13
"36,336.00","36,383.99",173.76,789.13
"36,384.00","36,431.99",172.76,788.13
"36,432.00","36,479.99",171.76,787.13
"36,480.00","36,527.99",170.76,786.13
"36,528.00","36,575.99",169.76,785.13
"36,576.00","36,623.99",168.76,784.13
"36,624.00","36,671.99",167.76,783.13
"36,672.00","36,719.99",166.76,782.13
"36,720.00","36,767.99",165.76,781.13
"36,768.00","36,815.99",164.76,780.13
"36,816.00","36,863.99",163.76,779.13
"36,864.00","36,911.99",162.76,778.13
"36,912.00","36,959.99",161.76,777.13
"36,960.00","37,007.99",160.76,776.13
"37,008.00","37,055.99",159.76,775.13
"37,056.00","37,103.99",158.76,774.13
"37,104.00","37,151.99",157.76,773.13
"37,152.00","37,199.99",156.76,772.13
"37,200.00","37,247.99",155.76,771.13
"37,248.00","37,295.99",154.76,770.13
"37,296.00","37,343.99",153.76,769.13
"37,344.00","37,391.99",152.76,768.13
"37,392.00","37,439.99",151.76,767.13
"37,440.00","37,487.99",150.76,766.13
"37,488.00","37,535.99",149.76,765.13
"37,536.00","37,583.99",148.76,764.13
"37,584.00","37,631.99",147.76,763.13
"37,632.00","37,679.99",146.76,762.13
"37,680.00","37,727.99",145.76,761.13
"37,728.00","37,775.99",144.76,760.13
"37,776.00","37,823.99",143.76,759.13
"37,824.00","37,871.99",142.76,758.13
"37,872.00","37,919.99",141.76,757.13
"37,920.00","37,967.99",140.76,756.13
"37,968.00","38,015.99",139.76,755.13
"38,016.00","38,063.99",138.76,754.13
"38,064.00","38,111.99",137.76,753.13
"38,112.00","38,159.99",136.76,752.13
"38,160.00","38,207.99",135.76,751.13
"38,208.00","38,255.99",134.76,750.13
"38,256.00","38,303.99",133.76,749.13
"38,304.00","38,351.99",132.76,748.13
"38,352.00","38,399.99",131.76,747.13
"38,400.00","38,447.99",130.76,746.13
"38,448.00","38,495.99",129.76,745.13
"38,496.00","38,543.99",128.76,744.13
"38,544.00","38,591.99",127.76,743.13
"38,592.00","38,639.99",126.76,742.13
"38,640.00","38,687.99",125.76,741.13
"38,688.00","38,735.99",124.76,740.13
"38,736.00","38,783.99",123.76,739.13
"38,784.00","38,831.99",122.76,738.13
"38,832.00","38,879.99",121.76,737.13
"38,880.00","38,927.99",120.76,736.13
"38,928.00","38,975.99",119.76,735.13
"38,976.00","39,023.99",118.76,734.13
"39,024.00","39,071.99",117.76,733.13
"39,072.00","39,119.99",116.76,732.13
"39,120.00","39,167.99",115.76,731.13
"39,168.00","39,215.99",114.76,730.13
"39,216.00","39,263.99",113.76,729.13
"39,264.00","39,311.99",112.76,728.13
"39,312.00","39,359.99",111.76,727.13
"39,360.00","39,407.99",110.76,726.13
"39,408.00","39,455.99",109.76,725.13
"39,456.00","39,503.99",108.76,724.13
"39,504.00","39,551.99",107.76,723.13
"39,552.00","39,599.99",106.76,722.13
"39,600.00","39,647.99",105.76,721.13
"39,648.00","39,695.99",104.76,720.13
"39,696.00","39,743.99",103.76,719.13
"39,744.00","39,791.99",102.76,718.13
"39,792.00","39,839.99",101.76,717.13
"39,840.00","39,887.99",100.76,716.13
"39,888.00","39,935.99",99.76,715.13
"39,936.00","39,983.99",98.76,714.13
"39,984.00","40,031.99",97.76,713.13
"40,032.00","40,079.99",96.76,712.13
"40,080.00","40,127.99",95.76,711.13
"40,128.00","40,175.99",94.76,710.13
"40,176.00","40,223.99",93.76,709.13
"40,224.00","40,271.99",92.76,708.13
"40,272.00","40,319.99",91.76,707.13
"40,320.00","40,367.99",90.76,706.13
"40,368.00","40,415.99",89.76,705.13
"40,416.00","40,463.99",88.76,704.13
"40,464.00","40,511.99",87.76,703.13
"40,512.00","40,559.99",86.76,702.13
"40,560.00","40,607.99",85.76,701.13
"40,608.00","40,655.99",84.76,700.13
"40,656.00","40,703.99",83.76,699.13
"40,704.00","40,751.99",82.76,698.13
"40,752.00","40,799.99",81.76,697.13
"40,800.00","40,847.99",80.76,696.13
"40,848.00","40,895.99",79.76,695.13
"40,896.00","40,943.99",78.76,694.13
"40,944.00","40,991.99",77.76,693.13
"40,992.00","41,039.99",76.76,692.13
"41,040.00","41,087.99",75.76,691.13
"41,088.00","41,135.99",74.76,690.13
"41,136.00","41,183.99",73.76,689.13
"41,184.00","41,231.99",72.76,688.13
"41,232.00","41,279.99",71.76,687.13
"41,280.00","41,327.99",70.76,686.13
"41,328.00","41,375.99",69.76,685.13
"41,376.00","41,423.99",68.76,684.13
"41,424.00","41,471.99",67.76,683.13
"41,472.00","41,519.99",66.76,682.13
"41,520.00","41,567.99",65.76,681.13
"41,568.00","41,615.99",64.76,680.13
"41,616.00","41,663.99",63.76,679.13
"41,664.00","41,711.99",62.76,678.13
"41,712.00","41,759.99",61.76,677.13
"41,760.00","41,807.99",60.76,676.13
"41,808.00","41,855.99",59.76,675.13
"41,856.00","41,903.99",58.76,674.13
"41,904.00","41,951.99",57.76,673.13
"41,952.00","41,999.99",56.76,672.13
"42,000.00","42,047.99",55.76,671.13
"42,048.00","42,095.99",54.76,670.13
"42,096.00","42,143.99",53.76,669.13
"42,144.00","42,191.99",52.76,668.13
"42,192.00","42,239.99",51.76,667.13
"42,240.00","42,287.99",50.76,666.13
"42,288.00","42,335.99",49.76,665.13
"42,336.00","42,383.99",48.76,664.13
"42,384.00","42,431.99",47.76,663.13
"42,432.00","42,479.99",46.76,662.13
"42,480.00","42,527.99",45.76,661.13
"42,528.00","42,575.99",44.76,660.13
"42,576.00","42,623.99",43.76,659.13
"42,624.00","42,671.99",42.76,658.13
"42,672.00","42,719.99",41.76,657.13
"42,720.00","42,767.99",40.76,656.13
"42,768.00","42,815.99",39.76,655.13
"42,816.00","42,863.99",38.76,654.13
"42,864.00","42,911.99",37.76,653.13
"42,912.00","42,959.99",36.76,652.13
"42,960.00","43,007.99",35.76,651.13
"43,008.00","43,055.99",34.76,650.13
"43,056.00","43,103.99",33.76,649.13
"43,104.00","43,151.99",32.76,648.13
"43,152.00","43,199.99",31.76,647.13
"43,200.00","43,247.99",30.76,646.13
"43,248.00","43,295.99",29.76,645.13
"43,296.00","43,343.99",28.76,644.13
"43,344.00","43,391.99",27.76,643.13
"43,392.00","43,439.99",26.76,642.13
"43,440.00","43,487.99",25.76,641.13
"43,488.00","43,535.99",24.76,640.13
"43,536.00","43,583.99",23.76,639.13
"43,584.00","43,631.99",22.76,638.13
"43,632.00","43,679.99",21.76,637.13
"43,680.00","43,727.99",20.76,636.13
"43,728.00","43,775.99",19.76,635.13
"43,776.00","43,823.99",18.76,634.13
"43,824.00","43,871.99",17.76,633.13
"43,872.00","43,919.99",16.76,632.13
"43,920.00","43,967.99",15.76,631.13
"43,968.00","44,015.99",14.76,630.13
"44,016.00","44,063.99",13.76,629.13
"44,064.00","44,111.99",12.76,628.13
"44,112.00","44,159.99",11.76,627.13
"44,160.00","44,207.99",10.76,626.13
"44,208.00","44,255.99",9.76,625.13
"44,256.00","44,303.99",8.76,624.13
"44,304.00","44,351.99",7.76,623.13
"44,352.00","44,399.99",6.76,622.13
"44,400.00","44,447.99",5.76,621.13
"44,448.00","44,495.99",4.76,620.13
"44,496.00","44,543.99",3.76,619.13
"44,544.00","44,591.99",2.76,618.13
"44,592.00","44,639.99",1.76,617.13
"44,640.00","44,687.99",0.76,616.13
,,,
,,,
,,,
,,,
,,,
,,,
,,,
,,,
,,,
,,,
,,,
,,,
