Amount Effective from January to March 2021/Montant en vigueur en janvier à mars 2021,,,
Yearly Income (excluding OAS Pension and GIS) From,Yearly Income (excluding OAS Pension and GIS) To,Monthly GIS with Maximum OAS Pension ($),Combined Monthly OAS Pension and GIS ($)
Revenu annuel (sauf la pension de la SV et le SRG) De,Revenu annuel (sauf la pension de la SV et le SRG) ·,SRG mensuel pour montant maximal de la pension de la SV ($),Total mensuel de la pension de la SV et du SRG ($)
0,23.99,919.12,"1,534.49"
24,47.99,918.12,"1,533.49"
48,71.99,917.12,"1,532.49"
72,95.99,916.12,"1,531.49"
96,119.99,915.12,"1,530.49"
120,143.99,914.12,"1,529.49"
144,167.99,913.12,"1,528.49"
168,191.99,912.12,"1,527.49"
192,215.99,911.12,"1,526.49"
216,239.99,910.12,"1,525.49"
240,263.99,909.12,"1,524.49"
264,287.99,908.12,"1,523.49"
288,311.99,907.12,"1,522.49"
312,335.99,906.12,"1,521.49"
336,359.99,905.12,"1,520.49"
360,383.99,904.12,"1,519.49"
384,407.99,903.12,"1,518.49"
408,431.99,902.12,"1,517.49"
432,455.99,901.12,"1,516.49"
456,479.99,900.12,"1,515.49"
480,503.99,899.12,"1,514.49"
504,527.99,898.12,"1,513.49"
528,551.99,897.12,"1,512.49"
552,575.99,896.12,"1,511.49"
576,599.99,895.12,"1,510.49"
600,623.99,894.12,"1,509.49"
624,647.99,893.12,"1,508.49"
648,671.99,892.12,"1,507.49"
672,695.99,891.12,"1,506.49"
696,719.99,890.12,"1,505.49"
720,743.99,889.12,"1,504.49"
744,767.99,888.12,"1,503.49"
768,791.99,887.12,"1,502.49"
792,815.99,886.12,"1,501.49"
816,839.99,885.12,"1,500.49"
840,863.99,884.12,"1,499.49"
864,887.99,883.12,"1,498.49"
888,911.99,882.12,"1,497.49"
912,935.99,881.12,"1,496.49"
936,959.99,880.12,"1,495.49"
960,983.99,879.12,"1,494.49"
984,"1,007.99",878.12,"1,493.49"
"1,008.00","1,031.99",877.12,"1,492.49"
"1,032.00","1,055.99",876.12,"1,491.49"
"1,056.00","1,079.99",875.12,"1,490.49"
"1,080.00","1,103.99",874.12,"1,489.49"
"1,104.00","1,127.99",873.12,"1,488.49"
"1,128.00","1,151.99",872.12,"1,487.49"
"1,152.00","1,175.99",871.12,"1,486.49"
"1,176.00","1,199.99",870.12,"1,485.49"
"1,200.00","1,223.99",869.12,"1,484.49"
"1,224.00","1,247.99",868.12,"1,483.49"
"1,248.00","1,271.99",867.12,"1,482.49"
"1,272.00","1,295.99",866.12,"1,481.49"
"1,296.00","1,319.99",865.12,"1,480.49"
"1,320.00","1,343.99",864.12,"1,479.49"
"1,344.00","1,367.99",863.12,"1,478.49"
"1,368.00","1,391.99",862.12,"1,477.49"
"1,392.00","1,415.99",861.12,"1,476.49"
"1,416.00","1,439.99",860.12,"1,475.49"
"1,440.00","1,463.99",859.12,"1,474.49"
"1,464.00","1,487.99",858.12,"1,473.49"
"1,488.00","1,511.99",857.12,"1,472.49"
"1,512.00","1,535.99",856.12,"1,471.49"
"1,536.00","1,559.99",855.12,"1,470.49"
"1,560.00","1,583.99",854.12,"1,469.49"
"1,584.00","1,607.99",853.12,"1,468.49"
"1,608.00","1,631.99",852.12,"1,467.49"
"1,632.00","1,655.99",851.12,"1,466.49"
"1,656.00","1,679.99",850.12,"1,465.49"
"1,680.00","1,703.99",849.12,"1,464.49"
"1,704.00","1,727.99",848.12,"1,463.49"
"1,728.00","1,751.99",847.12,"1,462.49"
"1,752.00","1,775.99",846.12,"1,461.49"
"1,776.00","1,799.99",845.12,"1,460.49"
"1,800.00","1,823.99",844.12,"1,459.49"
"1,824.00","1,847.99",843.12,"1,458.49"
"1,848.00","1,871.99",842.12,"1,457.49"
"1,872.00","1,895.99",841.12,"1,456.49"
"1,896.00","1,919.99",840.12,"1,455.49"
"1,920.00","1,943.99",839.12,"1,454.49"
"1,944.00","1,967.99",838.12,"1,453.49"
"1,968.00","1,991.99",837.12,"1,452.49"
"1,992.00","2,015.99",836.12,"1,451.49"
"2,016.00","2,039.99",835.12,"1,450.49"
"2,040.00","2,047.99",834.12,"1,449.49"
"2,048.00","2,063.99",833.12,"1,448.49"
"2,064.00","2,087.99",832.12,"1,447.49"
"2,088.00","2,095.99",831.12,"1,446.49"
"2,096.00","2,111.99",830.12,"1,445.49"
"2,112.00","2,135.99",829.12,"1,444.49"
"2,136.00","2,143.99",828.12,"1,443.49"
"2,144.00","2,159.99",827.12,"1,442.49"
"2,160.00","2,183.99",826.12,"1,441.49"
"2,184.00","2,191.99",825.12,"1,440.49"
"2,192.00","2,207.99",824.12,"1,439.49"
"2,208.00","2,231.99",823.12,"1,438.49"
"2,232.00","2,239.99",822.12,"1,437.49"
"2,240.00","2,255.99",821.12,"1,436.49"
"2,256.00","2,279.99",820.12,"1,435.49"
"2,280.00","2,287.99",819.12,"1,434.49"
"2,288.00","2,303.99",818.12,"1,433.49"
"2,304.00","2,327.99",817.12,"1,432.49"
"2,328.00","2,335.99",816.12,"1,431.49"
"2,336.00","2,351.99",815.12,"1,430.49"
"2,352.00","2,375.99",814.12,"1,429.49"
"2,376.00","2,383.99",813.12,"1,428.49"
"2,384.00","2,399.99",812.12,"1,427.49"
"2,400.00","2,423.99",811.12,"1,426.49"
"2,424.00","2,431.99",810.12,"1,425.49"
"2,432.00","2,447.99",809.12,"1,424.49"
"2,448.00","2,471.99",808.12,"1,423.49"
"2,472.00","2,479.99",807.12,"1,422.49"
"2,480.00","2,495.99",806.12,"1,421.49"
"2,496.00","2,519.99",805.12,"1,420.49"
"2,520.00","2,527.99",804.12,"1,419.49"
"2,528.00","2,543.99",803.12,"1,418.49"
"2,544.00","2,567.99",802.12,"1,417.49"
"2,568.00","2,575.99",801.12,"1,416.49"
"2,576.00","2,591.99",800.12,"1,415.49"
"2,592.00","2,615.99",799.12,"1,414.49"
"2,616.00","2,623.99",798.12,"1,413.49"
"2,624.00","2,639.99",797.12,"1,412.49"
"2,640.00","2,663.99",796.12,"1,411.49"
"2,664.00","2,671.99",795.12,"1,410.49"
"2,672.00","2,687.99",794.12,"1,409.49"
"2,688.00","2,711.99",793.12,"1,408.49"
"2,712.00","2,719.99",792.12,"1,407.49"
"2,720.00","2,735.99",791.12,"1,406.49"
"2,736.00","2,759.99",790.12,"1,405.49"
"2,760.00","2,767.99",789.12,"1,404.49"
"2,768.00","2,783.99",788.12,"1,403.49"
"2,784.00","2,807.99",787.12,"1,402.49"
"2,808.00","2,815.99",786.12,"1,401.49"
"2,816.00","2,831.99",785.12,"1,400.49"
"2,832.00","2,855.99",784.12,"1,399.49"
"2,856.00","2,863.99",783.12,"1,398.49"
"2,864.00","2,879.99",782.12,"1,397.49"
"2,880.00","2,903.99",781.12,"1,396.49"
"2,904.00","2,911.99",780.12,"1,395.49"
"2,912.00","2,927.99",779.12,"1,394.49"
"2,928.00","2,951.99",778.12,"1,393.49"
"2,952.00","2,959.99",777.12,"1,392.49"
"2,960.00","2,975.99",776.12,"1,391.49"
"2,976.00","2,999.99",775.12,"1,390.49"
"3,000.00","3,007.99",774.12,"1,389.49"
"3,008.00","3,023.99",773.12,"1,388.49"
"3,024.00","3,047.99",772.12,"1,387.49"
"3,048.00","3,055.99",771.12,"1,386.49"
"3,056.00","3,071.99",770.12,"1,385.49"
"3,072.00","3,095.99",769.12,"1,384.49"
"3,096.00","3,103.99",768.12,"1,383.49"
"3,104.00","3,119.99",767.12,"1,382.49"
"3,120.00","3,143.99",766.12,"1,381.49"
"3,144.00","3,151.99",765.12,"1,380.49"
"3,152.00","3,167.99",764.12,"1,379.49"
"3,168.00","3,191.99",763.12,"1,378.49"
"3,192.00","3,199.99",762.12,"1,377.49"
"3,200.00","3,215.99",761.12,"1,376.49"
"3,216.00","3,239.99",760.12,"1,375.49"
"3,240.00","3,247.99",759.12,"1,374.49"
"3,248.00","3,263.99",758.12,"1,373.49"
"3,264.00","3,287.99",757.12,"1,372.49"
"3,288.00","3,295.99",756.12,"1,371.49"
"3,296.00","3,311.99",755.12,"1,370.49"
"3,312.00","3,335.99",754.12,"1,369.49"
"3,336.00","3,343.99",753.12,"1,368.49"
"3,344.00","3,359.99",752.12,"1,367.49"
"3,360.00","3,383.99",751.12,"1,366.49"
"3,384.00","3,391.99",750.12,"1,365.49"
"3,392.00","3,407.99",749.12,"1,364.49"
"3,408.00","3,431.99",748.12,"1,363.49"
"3,432.00","3,439.99",747.12,"1,362.49"
"3,440.00","3,455.99",746.12,"1,361.49"
"3,456.00","3,479.99",745.12,"1,360.49"
"3,480.00","3,487.99",744.12,"1,359.49"
"3,488.00","3,503.99",743.12,"1,358.49"
"3,504.00","3,527.99",742.12,"1,357.49"
"3,528.00","3,535.99",741.12,"1,356.49"
"3,536.00","3,551.99",740.12,"1,355.49"
"3,552.00","3,575.99",739.12,"1,354.49"
"3,576.00","3,583.99",738.12,"1,353.49"
"3,584.00","3,599.99",737.12,"1,352.49"
"3,600.00","3,623.99",736.12,"1,351.49"
"3,624.00","3,631.99",735.12,"1,350.49"
"3,632.00","3,647.99",734.12,"1,349.49"
"3,648.00","3,671.99",733.12,"1,348.49"
"3,672.00","3,679.99",732.12,"1,347.49"
"3,680.00","3,695.99",731.12,"1,346.49"
"3,696.00","3,719.99",730.12,"1,345.49"
"3,720.00","3,727.99",729.12,"1,344.49"
"3,728.00","3,743.99",728.12,"1,343.49"
"3,744.00","3,767.99",727.12,"1,342.49"
"3,768.00","3,775.99",726.12,"1,341.49"
"3,776.00","3,791.99",725.12,"1,340.49"
"3,792.00","3,815.99",724.12,"1,339.49"
"3,816.00","3,823.99",723.12,"1,338.49"
"3,824.00","3,839.99",722.12,"1,337.49"
"3,840.00","3,863.99",721.12,"1,336.49"
"3,864.00","3,871.99",720.12,"1,335.49"
"3,872.00","3,887.99",719.12,"1,334.49"
"3,888.00","3,911.99",718.12,"1,333.49"
"3,912.00","3,919.99",717.12,"1,332.49"
"3,920.00","3,935.99",716.12,"1,331.49"
"3,936.00","3,959.99",715.12,"1,330.49"
"3,960.00","3,967.99",714.12,"1,329.49"
"3,968.00","3,983.99",713.12,"1,328.49"
"3,984.00","4,007.99",712.12,"1,327.49"
"4,008.00","4,015.99",711.12,"1,326.49"
"4,016.00","4,031.99",710.12,"1,325.49"
"4,032.00","4,055.99",709.12,"1,324.49"
"4,056.00","4,063.99",708.12,"1,323.49"
"4,064.00","4,079.99",707.12,"1,322.49"
"4,080.00","4,103.99",706.12,"1,321.49"
"4,104.00","4,111.99",705.12,"1,320.49"
"4,112.00","4,127.99",704.12,"1,319.49"
"4,128.00","4,151.99",703.12,"1,318.49"
"4,152.00","4,159.99",702.12,"1,317.49"
"4,160.00","4,175.99",701.12,"1,316.49"
"4,176.00","4,199.99",700.12,"1,315.49"
"4,200.00","4,207.99",699.12,"1,314.49"
"4,208.00","4,223.99",698.12,"1,313.49"
"4,224.00","4,247.99",697.12,"1,312.49"
"4,248.00","4,255.99",696.12,"1,311.49"
"4,256.00","4,271.99",695.12,"1,310.49"
"4,272.00","4,295.99",694.12,"1,309.49"
"4,296.00","4,303.99",693.12,"1,308.49"
"4,304.00","4,319.99",692.12,"1,307.49"
"4,320.00","4,343.99",691.12,"1,306.49"
"4,344.00","4,351.99",690.12,"1,305.49"
"4,352.00","4,367.99",689.12,"1,304.49"
"4,368.00","4,391.99",688.12,"1,303.49"
"4,392.00","4,399.99",687.12,"1,302.49"
"4,400.00","4,415.99",686.12,"1,301.49"
"4,416.00","4,439.99",685.12,"1,300.49"
"4,440.00","4,447.99",684.12,"1,299.49"
"4,448.00","4,463.99",683.12,"1,298.49"
"4,464.00","4,487.99",682.12,"1,297.49"
"4,488.00","4,495.99",681.12,"1,296.49"
"4,496.00","4,511.99",680.12,"1,295.49"
"4,512.00","4,535.99",679.12,"1,294.49"
"4,536.00","4,543.99",678.12,"1,293.49"
"4,544.00","4,559.99",677.12,"1,292.49"
"4,560.00","4,583.99",676.12,"1,291.49"
"4,584.00","4,591.99",675.12,"1,290.49"
"4,592.00","4,607.99",674.12,"1,289.49"
"4,608.00","4,631.99",673.12,"1,288.49"
"4,632.00","4,639.99",672.12,"1,287.49"
"4,640.00","4,655.99",671.12,"1,286.49"
"4,656.00","4,679.99",670.12,"1,285.49"
"4,680.00","4,687.99",669.12,"1,284.49"
"4,688.00","4,703.99",668.12,"1,283.49"
"4,704.00","4,727.99",667.12,"1,282.49"
"4,728.00","4,735.99",666.12,"1,281.49"
"4,736.00","4,751.99",665.12,"1,280.49"
"4,752.00","4,775.99",664.12,"1,279.49"
"4,776.00","4,783.99",663.12,"1,278.49"
"4,784.00","4,799.99",662.12,"1,277.49"
"4,800.00","4,823.99",661.12,"1,276.49"
"4,824.00","4,831.99",660.12,"1,275.49"
"4,832.00","4,847.99",659.12,"1,274.49"
"4,848.00","4,871.99",658.12,"1,273.49"
"4,872.00","4,879.99",657.12,"1,272.49"
"4,880.00","4,895.99",656.12,"1,271.49"
"4,896.00","4,919.99",655.12,"1,270.49"
"4,920.00","4,927.99",654.12,"1,269.49"
"4,928.00","4,943.99",653.12,"1,268.49"
"4,944.00","4,967.99",652.12,"1,267.49"
"4,968.00","4,975.99",651.12,"1,266.49"
"4,976.00","4,991.99",650.12,"1,265.49"
"4,992.00","5,015.99",649.12,"1,264.49"
"5,016.00","5,023.99",648.12,"1,263.49"
"5,024.00","5,039.99",647.12,"1,262.49"
"5,040.00","5,063.99",646.12,"1,261.49"
"5,064.00","5,071.99",645.12,"1,260.49"
"5,072.00","5,087.99",644.12,"1,259.49"
"5,088.00","5,111.99",643.12,"1,258.49"
"5,112.00","5,119.99",642.12,"1,257.49"
"5,120.00","5,135.99",641.12,"1,256.49"
"5,136.00","5,159.99",640.12,"1,255.49"
"5,160.00","5,167.99",639.12,"1,254.49"
"5,168.00","5,183.99",638.12,"1,253.49"
"5,184.00","5,207.99",637.12,"1,252.49"
"5,208.00","5,215.99",636.12,"1,251.49"
"5,216.00","5,231.99",635.12,"1,250.49"
"5,232.00","5,255.99",634.12,"1,249.49"
"5,256.00","5,263.99",633.12,"1,248.49"
"5,264.00","5,279.99",632.12,"1,247.49"
"5,280.00","5,303.99",631.12,"1,246.49"
"5,304.00","5,311.99",630.12,"1,245.49"
"5,312.00","5,327.99",629.12,"1,244.49"
"5,328.00","5,351.99",628.12,"1,243.49"
"5,352.00","5,359.99",627.12,"1,242.49"
"5,360.00","5,375.99",626.12,"1,241.49"
"5,376.00","5,399.99",625.12,"1,240.49"
"5,400.00","5,407.99",624.12,"1,239.49"
"5,408.00","5,423.99",623.12,"1,238.49"
"5,424.00","5,447.99",622.12,"1,237.49"
"5,448.00","5,455.99",621.12,"1,236.49"
"5,456.00","5,471.99",620.12,"1,235.49"
"5,472.00","5,495.99",619.12,"1,234.49"
"5,496.00","5,503.99",618.12,"1,233.49"
"5,504.00","5,519.99",617.12,"1,232.49"
"5,520.00","5,543.99",616.12,"1,231.49"
"5,544.00","5,551.99",615.12,"1,230.49"
"5,552.00","5,567.99",614.12,"1,229.49"
"5,568.00","5,591.99",613.12,"1,228.49"
"5,592.00","5,599.99",612.12,"1,227.49"
"5,600.00","5,615.99",611.12,"1,226.49"
"5,616.00","5,639.99",610.12,"1,225.49"
"5,640.00","5,647.99",609.12,"1,224.49"
"5,648.00","5,663.99",608.12,"1,223.49"
"5,664.00","5,687.99",607.12,"1,222.49"
"5,688.00","5,695.99",606.12,"1,221.49"
"5,696.00","5,711.99",605.12,"1,220.49"
"5,712.00","5,735.99",604.12,"1,219.49"
"5,736.00","5,743.99",603.12,"1,218.49"
"5,744.00","5,759.99",602.12,"1,217.49"
"5,760.00","5,783.99",601.12,"1,216.49"
"5,784.00","5,791.99",600.12,"1,215.49"
"5,792.00","5,807.99",599.12,"1,214.49"
"5,808.00","5,831.99",598.12,"1,213.49"
"5,832.00","5,839.99",597.12,"1,212.49"
"5,840.00","5,855.99",596.12,"1,211.49"
"5,856.00","5,879.99",595.12,"1,210.49"
"5,880.00","5,887.99",594.12,"1,209.49"
"5,888.00","5,903.99",593.12,"1,208.49"
"5,904.00","5,927.99",592.12,"1,207.49"
"5,928.00","5,935.99",591.12,"1,206.49"
"5,936.00","5,951.99",590.12,"1,205.49"
"5,952.00","5,975.99",589.12,"1,204.49"
"5,976.00","5,983.99",588.12,"1,203.49"
"5,984.00","5,999.99",587.12,"1,202.49"
"6,000.00","6,023.99",586.12,"1,201.49"
"6,024.00","6,031.99",585.12,"1,200.49"
"6,032.00","6,047.99",584.12,"1,199.49"
"6,048.00","6,071.99",583.12,"1,198.49"
"6,072.00","6,079.99",582.12,"1,197.49"
"6,080.00","6,095.99",581.12,"1,196.49"
"6,096.00","6,119.99",580.12,"1,195.49"
"6,120.00","6,127.99",579.12,"1,194.49"
"6,128.00","6,143.99",578.12,"1,193.49"
"6,144.00","6,167.99",577.12,"1,192.49"
"6,168.00","6,175.99",576.12,"1,191.49"
"6,176.00","6,191.99",575.12,"1,190.49"
"6,192.00","6,215.99",574.12,"1,189.49"
"6,216.00","6,223.99",573.12,"1,188.49"
"6,224.00","6,239.99",572.12,"1,187.49"
"6,240.00","6,263.99",571.12,"1,186.49"
"6,264.00","6,271.99",570.12,"1,185.49"
"6,272.00","6,287.99",569.12,"1,184.49"
"6,288.00","6,311.99",568.12,"1,183.49"
"6,312.00","6,319.99",567.12,"1,182.49"
"6,320.00","6,335.99",566.12,"1,181.49"
"6,336.00","6,359.99",565.12,"1,180.49"
"6,360.00","6,367.99",564.12,"1,179.49"
"6,368.00","6,383.99",563.12,"1,178.49"
"6,384.00","6,407.99",562.12,"1,177.49"
"6,408.00","6,415.99",561.12,"1,176.49"
"6,416.00","6,431.99",560.12,"1,175.49"
"6,432.00","6,455.99",559.12,"1,174.49"
"6,456.00","6,463.99",558.12,"1,173.49"
"6,464.00","6,479.99",557.12,"1,172.49"
"6,480.00","6,503.99",556.12,"1,171.49"
"6,504.00","6,511.99",555.12,"1,170.49"
"6,512.00","6,527.99",554.12,"1,169.49"
"6,528.00","6,551.99",553.12,"1,168.49"
"6,552.00","6,559.99",552.12,"1,167.49"
"6,560.00","6,575.99",551.12,"1,166.49"
"6,576.00","6,599.99",550.12,"1,165.49"
"6,600.00","6,607.99",549.12,"1,164.49"
"6,608.00","6,623.99",548.12,"1,163.49"
"6,624.00","6,647.99",547.12,"1,162.49"
"6,648.00","6,655.99",546.12,"1,161.49"
"6,656.00","6,671.99",545.12,"1,160.49"
"6,672.00","6,695.99",544.12,"1,159.49"
"6,696.00","6,703.99",543.12,"1,158.49"
"6,704.00","6,719.99",542.12,"1,157.49"
"6,720.00","6,743.99",541.12,"1,156.49"
"6,744.00","6,751.99",540.12,"1,155.49"
"6,752.00","6,767.99",539.12,"1,154.49"
"6,768.00","6,791.99",538.12,"1,153.49"
"6,792.00","6,799.99",537.12,"1,152.49"
"6,800.00","6,815.99",536.12,"1,151.49"
"6,816.00","6,839.99",535.12,"1,150.49"
"6,840.00","6,847.99",534.12,"1,149.49"
"6,848.00","6,863.99",533.12,"1,148.49"
"6,864.00","6,887.99",532.12,"1,147.49"
"6,888.00","6,895.99",531.12,"1,146.49"
"6,896.00","6,911.99",530.12,"1,145.49"
"6,912.00","6,935.99",529.12,"1,144.49"
"6,936.00","6,943.99",528.12,"1,143.49"
"6,944.00","6,959.99",527.12,"1,142.49"
"6,960.00","6,983.99",526.12,"1,141.49"
"6,984.00","6,991.99",525.12,"1,140.49"
"6,992.00","7,007.99",524.12,"1,139.49"
"7,008.00","7,031.99",523.12,"1,138.49"
"7,032.00","7,039.99",522.12,"1,137.49"
"7,040.00","7,055.99",521.12,"1,136.49"
"7,056.00","7,079.99",520.12,"1,135.49"
"7,080.00","7,087.99",519.12,"1,134.49"
"7,088.00","7,103.99",518.12,"1,133.49"
"7,104.00","7,127.99",517.12,"1,132.49"
"7,128.00","7,135.99",516.12,"1,131.49"
"7,136.00","7,151.99",515.12,"1,130.49"
"7,152.00","7,175.99",514.12,"1,129.49"
"7,176.00","7,183.99",513.12,"1,128.49"
"7,184.00","7,199.99",512.12,"1,127.49"
"7,200.00","7,223.99",511.12,"1,126.49"
"7,224.00","7,231.99",510.12,"1,125.49"
"7,232.00","7,247.99",509.12,"1,124.49"
"7,248.00","7,271.99",508.12,"1,123.49"
"7,272.00","7,279.99",507.12,"1,122.49"
"7,280.00","7,295.99",506.12,"1,121.49"
"7,296.00","7,319.99",505.12,"1,120.49"
"7,320.00","7,327.99",504.12,"1,119.49"
"7,328.00","7,343.99",503.12,"1,118.49"
"7,344.00","7,367.99",502.12,"1,117.49"
"7,368.00","7,375.99",501.12,"1,116.49"
"7,376.00","7,391.99",500.12,"1,115.49"
"7,392.00","7,415.99",499.12,"1,114.49"
"7,416.00","7,423.99",498.12,"1,113.49"
"7,424.00","7,439.99",497.12,"1,112.49"
"7,440.00","7,463.99",496.12,"1,111.49"
"7,464.00","7,471.99",495.12,"1,110.49"
"7,472.00","7,487.99",494.12,"1,109.49"
"7,488.00","7,511.99",493.12,"1,108.49"
"7,512.00","7,519.99",492.12,"1,107.49"
"7,520.00","7,535.99",491.12,"1,106.49"
"7,536.00","7,559.99",490.12,"1,105.49"
"7,560.00","7,567.99",489.12,"1,104.49"
"7,568.00","7,583.99",488.12,"1,103.49"
"7,584.00","7,607.99",487.12,"1,102.49"
"7,608.00","7,615.99",486.12,"1,101.49"
"7,616.00","7,631.99",485.12,"1,100.49"
"7,632.00","7,655.99",484.12,"1,099.49"
"7,656.00","7,663.99",483.12,"1,098.49"
"7,664.00","7,679.99",482.12,"1,097.49"
"7,680.00","7,703.99",481.12,"1,096.49"
"7,704.00","7,711.99",480.12,"1,095.49"
"7,712.00","7,727.99",479.12,"1,094.49"
"7,728.00","7,751.99",478.12,"1,093.49"
"7,752.00","7,759.99",477.12,"1,092.49"
"7,760.00","7,775.99",476.12,1091.49
"7,776.00","7,799.99",475.12,1090.49
"7,800.00","7,807.99",474.12,1089.49
"7,808.00","7,823.99",473.12,1088.49
"7,824.00","7,847.99",472.12,1087.49
"7,848.00","7,855.99",471.12,1086.49
"7,856.00","7,871.99",470.12,1085.49
"7,872.00","7,895.99",469.12,1084.49
"7,896.00","7,903.99",468.12,1083.49
"7,904.00","7,919.99",467.12,1082.49
"7,920.00","7,943.99",466.12,1081.49
"7,944.00","7,951.99",465.12,1080.49
"7,952.00","7,967.99",464.12,1079.49
"7,968.00","7,991.99",463.12,1078.49
"7,992.00","7,999.99",462.12,1077.49
"8,000.00","8,015.99",461.12,1076.49
"8,016.00","8,039.99",460.12,1075.49
"8,040.00","8,047.99",459.12,1074.49
"8,048.00","8,063.99",458.12,1073.49
"8,064.00","8,087.99",457.12,1072.49
"8,088.00","8,095.99",456.12,1071.49
"8,096.00","8,111.99",455.12,1070.49
"8,112.00","8,135.99",454.12,1069.49
"8,136.00","8,143.99",453.12,1068.49
"8,144.00","8,159.99",452.12,1067.49
"8,160.00","8,183.99",451.12,1066.49
"8,184.00","8,191.99",450.12,1065.49
"8,192.00","8,207.99",449.12,1064.49
"8,208.00","8,231.99",448.12,1063.49
"8,232.00","8,239.99",447.12,1062.49
"8,240.00","8,255.99",446.12,1061.49
"8,256.00","8,279.99",445.12,1060.49
"8,280.00","8,287.99",444.12,1059.49
"8,288.00","8,303.99",443.12,1058.49
"8,304.00","8,327.99",442.12,1057.49
"8,328.00","8,335.99",441.12,1056.49
"8,336.00","8,351.99",440.12,1055.49
"8,352.00","8,375.99",439.12,1054.49
"8,376.00","8,383.99",438.12,1053.49
"8,384.00","8,399.99",437.12,1052.49
"8,400.00","8,423.99",436.12,1051.49
"8,424.00","8,431.99",435.12,1050.49
"8,432.00","8,447.99",434.12,1049.49
"8,448.00","8,471.99",433.12,1048.49
"8,472.00","8,479.99",432.12,1047.49
"8,480.00","8,495.99",431.12,1046.49
"8,496.00","8,519.99",430.12,1045.49
"8,520.00","8,527.99",429.12,1044.49
"8,528.00","8,543.99",428.12,1043.49
"8,544.00","8,567.99",427.12,1042.49
"8,568.00","8,575.99",426.12,1041.49
"8,576.00","8,591.99",425.12,1040.49
"8,592.00","8,615.99",424.12,1039.49
"8,616.00","8,623.99",423.12,1038.49
"8,624.00","8,639.99",422.12,1037.49
"8,640.00","8,663.99",421.12,1036.49
"8,664.00","8,671.99",420.12,1035.49
"8,672.00","8,687.99",419.12,1034.49
"8,688.00","8,711.99",418.12,1033.49
"8,712.00","8,719.99",417.12,1032.49
"8,720.00","8,735.99",416.12,1031.49
"8,736.00","8,759.99",415.12,1030.49
"8,760.00","8,767.99",414.12,1029.49
"8,768.00","8,783.99",413.12,1028.49
"8,784.00","8,807.99",412.12,1027.49
"8,808.00","8,815.99",411.12,1026.49
"8,816.00","8,831.99",410.12,1025.49
"8,832.00","8,855.99",409.12,1024.49
"8,856.00","8,863.99",408.12,1023.49
"8,864.00","8,879.99",407.76,1023.13
"8,880.00","8,903.99",406.76,1022.13
"8,904.00","8,927.99",405.76,1021.13
"8,928.00","8,951.99",404.76,1020.13
"8,952.00","8,975.99",403.76,1019.13
"8,976.00","8,999.99",402.76,1018.13
"9,000.00","9,023.99",401.76,1017.13
"9,024.00","9,047.99",400.76,1016.13
"9,048.00","9,071.99",399.76,1015.13
"9,072.00","9,095.99",398.76,1014.13
"9,096.00","9,119.99",397.76,1013.13
"9,120.00","9,143.99",396.76,1012.13
"9,144.00","9,167.99",395.76,1011.13
"9,168.00","9,191.99",394.76,1010.13
"9,192.00","9,215.99",393.76,1009.13
"9,216.00","9,239.99",392.76,1008.13
"9,240.00","9,263.99",391.76,1007.13
"9,264.00","9,287.99",390.76,1006.13
"9,288.00","9,311.99",389.76,1005.13
"9,312.00","9,335.99",388.76,1004.13
"9,336.00","9,359.99",387.76,1003.13
"9,360.00","9,383.99",386.76,1002.13
"9,384.00","9,407.99",385.76,1001.13
"9,408.00","9,431.99",384.76,1000.13
"9,432.00","9,455.99",383.76,999.13
"9,456.00","9,479.99",382.76,998.13
"9,480.00","9,503.99",381.76,997.13
"9,504.00","9,527.99",380.76,996.13
"9,528.00","9,551.99",379.76,995.13
"9,552.00","9,575.99",378.76,994.13
"9,576.00","9,599.99",377.76,993.13
"9,600.00","9,623.99",376.76,992.13
"9,624.00","9,647.99",375.76,991.13
"9,648.00","9,671.99",374.76,990.13
"9,672.00","9,695.99",373.76,989.13
"9,696.00","9,719.99",372.76,988.13
"9,720.00","9,743.99",371.76,987.13
"9,744.00","9,767.99",370.76,986.13
"9,768.00","9,791.99",369.76,985.13
"9,792.00","9,815.99",368.76,984.13
"9,816.00","9,839.99",367.76,983.13
"9,840.00","9,863.99",366.76,982.13
"9,864.00","9,887.99",365.76,981.13
"9,888.00","9,911.99",364.76,980.13
"9,912.00","9,935.99",363.76,979.13
"9,936.00","9,959.99",362.76,978.13
"9,960.00","9,983.99",361.76,977.13
"9,984.00","10,007.99",360.76,976.13
"10,008.00","10,031.99",359.76,975.13
"10,032.00","10,055.99",358.76,974.13
"10,056.00","10,079.99",357.76,973.13
"10,080.00","10,103.99",356.76,972.13
"10,104.00","10,127.99",355.76,971.13
"10,128.00","10,151.99",354.76,970.13
"10,152.00","10,175.99",353.76,969.13
"10,176.00","10,199.99",352.76,968.13
"10,200.00","10,223.99",351.76,967.13
"10,224.00","10,247.99",350.76,966.13
"10,248.00","10,271.99",349.76,965.13
"10,272.00","10,295.99",348.76,964.13
"10,296.00","10,319.99",347.76,963.13
"10,320.00","10,343.99",346.76,962.13
"10,344.00","10,367.99",345.76,961.13
"10,368.00","10,391.99",344.76,960.13
"10,392.00","10,415.99",343.76,959.13
"10,416.00","10,439.99",342.76,958.13
"10,440.00","10,463.99",341.76,957.13
"10,464.00","10,487.99",340.76,956.13
"10,488.00","10,511.99",339.76,955.13
"10,512.00","10,535.99",338.76,954.13
"10,536.00","10,559.99",337.76,953.13
"10,560.00","10,583.99",336.76,952.13
"10,584.00","10,607.99",335.76,951.13
"10,608.00","10,631.99",334.76,950.13
"10,632.00","10,655.99",333.76,949.13
"10,656.00","10,679.99",332.76,948.13
"10,680.00","10,703.99",331.76,947.13
"10,704.00","10,727.99",330.76,946.13
"10,728.00","10,751.99",329.76,945.13
"10,752.00","10,775.99",328.76,944.13
"10,776.00","10,799.99",327.76,943.13
"10,800.00","10,823.99",326.76,942.13
"10,824.00","10,847.99",325.76,941.13
"10,848.00","10,871.99",324.76,940.13
"10,872.00","10,895.99",323.76,939.13
"10,896.00","10,919.99",322.76,938.13
"10,920.00","10,943.99",321.76,937.13
"10,944.00","10,967.99",320.76,936.13
"10,968.00","10,991.99",319.76,935.13
"10,992.00","11,015.99",318.76,934.13
"11,016.00","11,039.99",317.76,933.13
"11,040.00","11,063.99",316.76,932.13
"11,064.00","11,087.99",315.76,931.13
"11,088.00","11,111.99",314.76,930.13
"11,112.00","11,135.99",313.76,929.13
"11,136.00","11,159.99",312.76,928.13
"11,160.00","11,183.99",311.76,927.13
"11,184.00","11,207.99",310.76,926.13
"11,208.00","11,231.99",309.76,925.13
"11,232.00","11,255.99",308.76,924.13
"11,256.00","11,279.99",307.76,923.13
"11,280.00","11,303.99",306.76,922.13
"11,304.00","11,327.99",305.76,921.13
"11,328.00","11,351.99",304.76,920.13
"11,352.00","11,375.99",303.76,919.13
"11,376.00","11,399.99",302.76,918.13
"11,400.00","11,423.99",301.76,917.13
"11,424.00","11,447.99",300.76,916.13
"11,448.00","11,471.99",299.76,915.13
"11,472.00","11,495.99",298.76,914.13
"11,496.00","11,519.99",297.76,913.13
"11,520.00","11,543.99",296.76,912.13
"11,544.00","11,567.99",295.76,911.13
"11,568.00","11,591.99",294.76,910.13
"11,592.00","11,615.99",293.76,909.13
"11,616.00","11,639.99",292.76,908.13
"11,640.00","11,663.99",291.76,907.13
"11,664.00","11,687.99",290.76,906.13
"11,688.00","11,711.99",289.76,905.13
"11,712.00","11,735.99",288.76,904.13
"11,736.00","11,759.99",287.76,903.13
"11,760.00","11,783.99",286.76,902.13
"11,784.00","11,807.99",285.76,901.13
"11,808.00","11,831.99",284.76,900.13
"11,832.00","11,855.99",283.76,899.13
"11,856.00","11,879.99",282.76,898.13
"11,880.00","11,903.99",281.76,897.13
"11,904.00","11,927.99",280.76,896.13
"11,928.00","11,951.99",279.76,895.13
"11,952.00","11,975.99",278.76,894.13
"11,976.00","11,999.99",277.76,893.13
"12,000.00","12,023.99",276.76,892.13
"12,024.00","12,047.99",275.76,891.13
"12,048.00","12,071.99",274.76,890.13
"12,072.00","12,095.99",273.76,889.13
"12,096.00","12,119.99",272.76,888.13
"12,120.00","12,143.99",271.76,887.13
"12,144.00","12,167.99",270.76,886.13
"12,168.00","12,191.99",269.76,885.13
"12,192.00","12,215.99",268.76,884.13
"12,216.00","12,239.99",267.76,883.13
"12,240.00","12,263.99",266.76,882.13
"12,264.00","12,287.99",265.76,881.13
"12,288.00","12,311.99",264.76,880.13
"12,312.00","12,335.99",263.76,879.13
"12,336.00","12,359.99",262.76,878.13
"12,360.00","12,383.99",261.76,877.13
"12,384.00","12,407.99",260.76,876.13
"12,408.00","12,431.99",259.76,875.13
"12,432.00","12,455.99",258.76,874.13
"12,456.00","12,479.99",257.76,873.13
"12,480.00","12,503.99",256.76,872.13
"12,504.00","12,527.99",255.76,871.13
"12,528.00","12,551.99",254.76,870.13
"12,552.00","12,575.99",253.76,869.13
"12,576.00","12,599.99",252.76,868.13
"12,600.00","12,623.99",251.76,867.13
"12,624.00","12,647.99",250.76,866.13
"12,648.00","12,671.99",249.76,865.13
"12,672.00","12,695.99",248.76,864.13
"12,696.00","12,719.99",247.76,863.13
"12,720.00","12,743.99",246.76,862.13
"12,744.00","12,767.99",245.76,861.13
"12,768.00","12,791.99",244.76,860.13
"12,792.00","12,815.99",243.76,859.13
"12,816.00","12,839.99",242.76,858.13
"12,840.00","12,863.99",241.76,857.13
"12,864.00","12,887.99",240.76,856.13
"12,888.00","12,911.99",239.76,855.13
"12,912.00","12,935.99",238.76,854.13
"12,936.00","12,959.99",237.76,853.13
"12,960.00","12,983.99",236.76,852.13
"12,984.00","13,007.99",235.76,851.13
"13,008.00","13,031.99",234.76,850.13
"13,032.00","13,055.99",233.76,849.13
"13,056.00","13,079.99",232.76,848.13
"13,080.00","13,103.99",231.76,847.13
"13,104.00","13,127.99",230.76,846.13
"13,128.00","13,151.99",229.76,845.13
"13,152.00","13,175.99",228.76,844.13
"13,176.00","13,199.99",227.76,843.13
"13,200.00","13,223.99",226.76,842.13
"13,224.00","13,247.99",225.76,841.13
"13,248.00","13,271.99",224.76,840.13
"13,272.00","13,295.99",223.76,839.13
"13,296.00","13,319.99",222.76,838.13
"13,320.00","13,343.99",221.76,837.13
"13,344.00","13,367.99",220.76,836.13
"13,368.00","13,391.99",219.76,835.13
"13,392.00","13,415.99",218.76,834.13
"13,416.00","13,439.99",217.76,833.13
"13,440.00","13,463.99",216.76,832.13
"13,464.00","13,487.99",215.76,831.13
"13,488.00","13,511.99",214.76,830.13
"13,512.00","13,535.99",213.76,829.13
"13,536.00","13,559.99",212.76,828.13
"13,560.00","13,583.99",211.76,827.13
"13,584.00","13,607.99",210.76,826.13
"13,608.00","13,631.99",209.76,825.13
"13,632.00","13,655.99",208.76,824.13
"13,656.00","13,679.99",207.76,823.13
"13,680.00","13,703.99",206.76,822.13
"13,704.00","13,727.99",205.76,821.13
"13,728.00","13,751.99",204.76,820.13
"13,752.00","13,775.99",203.76,819.13
"13,776.00","13,799.99",202.76,818.13
"13,800.00","13,823.99",201.76,817.13
"13,824.00","13,847.99",200.76,816.13
"13,848.00","13,871.99",199.76,815.13
"13,872.00","13,895.99",198.76,814.13
"13,896.00","13,919.99",197.76,813.13
"13,920.00","13,943.99",196.76,812.13
"13,944.00","13,967.99",195.76,811.13
"13,968.00","13,991.99",194.76,810.13
"13,992.00","14,015.99",193.76,809.13
"14,016.00","14,039.99",192.76,808.13
"14,040.00","14,063.99",191.76,807.13
"14,064.00","14,087.99",190.76,806.13
"14,088.00","14,111.99",189.76,805.13
"14,112.00","14,135.99",188.76,804.13
"14,136.00","14,159.99",187.76,803.13
"14,160.00","14,183.99",186.76,802.13
"14,184.00","14,207.99",185.76,801.13
"14,208.00","14,231.99",184.76,800.13
"14,232.00","14,255.99",183.76,799.13
"14,256.00","14,279.99",182.76,798.13
"14,280.00","14,303.99",181.76,797.13
"14,304.00","14,327.99",180.76,796.13
"14,328.00","14,351.99",179.76,795.13
"14,352.00","14,375.99",178.76,794.13
"14,376.00","14,399.99",177.76,793.13
"14,400.00","14,423.99",176.76,792.13
"14,424.00","14,447.99",175.76,791.13
"14,448.00","14,471.99",174.76,790.13
"14,472.00","14,495.99",173.76,789.13
"14,496.00","14,519.99",172.76,788.13
"14,520.00","14,543.99",171.76,787.13
"14,544.00","14,567.99",170.76,786.13
"14,568.00","14,591.99",169.76,785.13
"14,592.00","14,615.99",168.76,784.13
"14,616.00","14,639.99",167.76,783.13
"14,640.00","14,663.99",166.76,782.13
"14,664.00","14,687.99",165.76,781.13
"14,688.00","14,711.99",164.76,780.13
"14,712.00","14,735.99",163.76,779.13
"14,736.00","14,759.99",162.76,778.13
"14,760.00","14,783.99",161.76,777.13
"14,784.00","14,807.99",160.76,776.13
"14,808.00","14,831.99",159.76,775.13
"14,832.00","14,855.99",158.76,774.13
"14,856.00","14,879.99",157.76,773.13
"14,880.00","14,903.99",156.76,772.13
"14,904.00","14,927.99",155.76,771.13
"14,928.00","14,951.99",154.76,770.13
"14,952.00","14,975.99",153.76,769.13
"14,976.00","14,999.99",152.76,768.13
"15,000.00","15,023.99",151.76,767.13
"15,024.00","15,047.99",150.76,766.13
"15,048.00","15,071.99",149.76,765.13
"15,072.00","15,095.99",148.76,764.13
"15,096.00","15,119.99",147.76,763.13
"15,120.00","15,143.99",146.76,762.13
"15,144.00","15,167.99",145.76,761.13
"15,168.00","15,191.99",144.76,760.13
"15,192.00","15,215.99",143.76,759.13
"15,216.00","15,239.99",142.76,758.13
"15,240.00","15,263.99",141.76,757.13
"15,264.00","15,287.99",140.76,756.13
"15,288.00","15,311.99",139.76,755.13
"15,312.00","15,335.99",138.76,754.13
"15,336.00","15,359.99",137.76,753.13
"15,360.00","15,383.99",136.76,752.13
"15,384.00","15,407.99",135.76,751.13
"15,408.00","15,431.99",134.76,750.13
"15,432.00","15,455.99",133.76,749.13
"15,456.00","15,479.99",132.76,748.13
"15,480.00","15,503.99",131.76,747.13
"15,504.00","15,527.99",130.76,746.13
"15,528.00","15,551.99",129.76,745.13
"15,552.00","15,575.99",128.76,744.13
"15,576.00","15,599.99",127.76,743.13
"15,600.00","15,623.99",126.76,742.13
"15,624.00","15,647.99",125.76,741.13
"15,648.00","15,671.99",124.76,740.13
"15,672.00","15,695.99",123.76,739.13
"15,696.00","15,719.99",122.76,738.13
"15,720.00","15,743.99",121.76,737.13
"15,744.00","15,767.99",120.76,736.13
"15,768.00","15,791.99",119.76,735.13
"15,792.00","15,815.99",118.76,734.13
"15,816.00","15,839.99",117.76,733.13
"15,840.00","15,863.99",116.76,732.13
"15,864.00","15,887.99",115.76,731.13
"15,888.00","15,911.99",114.76,730.13
"15,912.00","15,935.99",113.76,729.13
"15,936.00","15,959.99",112.76,728.13
"15,960.00","15,983.99",111.76,727.13
"15,984.00","16,007.99",110.76,726.13
"16,008.00","16,031.99",109.76,725.13
"16,032.00","16,055.99",108.76,724.13
"16,056.00","16,079.99",107.76,723.13
"16,080.00","16,103.99",106.76,722.13
"16,104.00","16,127.99",105.76,721.13
"16,128.00","16,151.99",104.76,720.13
"16,152.00","16,175.99",103.76,719.13
"16,176.00","16,199.99",102.76,718.13
"16,200.00","16,223.99",101.76,717.13
"16,224.00","16,247.99",100.76,716.13
"16,248.00","16,271.99",99.76,715.13
"16,272.00","16,295.99",98.76,714.13
"16,296.00","16,319.99",97.76,713.13
"16,320.00","16,343.99",96.76,712.13
"16,344.00","16,367.99",95.76,711.13
"16,368.00","16,391.99",94.76,710.13
"16,392.00","16,415.99",93.76,709.13
"16,416.00","16,439.99",92.76,708.13
"16,440.00","16,463.99",91.76,707.13
"16,464.00","16,487.99",90.76,706.13
"16,488.00","16,511.99",89.76,705.13
"16,512.00","16,535.99",88.76,704.13
"16,536.00","16,559.99",87.76,703.13
"16,560.00","16,583.99",86.76,702.13
"16,584.00","16,607.99",85.76,701.13
"16,608.00","16,631.99",84.76,700.13
"16,632.00","16,655.99",83.76,699.13
"16,656.00","16,679.99",82.76,698.13
"16,680.00","16,703.99",81.76,697.13
"16,704.00","16,727.99",80.76,696.13
"16,728.00","16,751.99",79.76,695.13
"16,752.00","16,775.99",78.76,694.13
"16,776.00","16,799.99",77.76,693.13
"16,800.00","16,823.99",76.76,692.13
"16,824.00","16,847.99",75.76,691.13
"16,848.00","16,871.99",74.76,690.13
"16,872.00","16,895.99",73.76,689.13
"16,896.00","16,919.99",72.76,688.13
"16,920.00","16,943.99",71.76,687.13
"16,944.00","16,967.99",70.76,686.13
"16,968.00","16,991.99",69.76,685.13
"16,992.00","17,015.99",68.76,684.13
"17,016.00","17,039.99",67.76,683.13
"17,040.00","17,063.99",66.76,682.13
"17,064.00","17,087.99",65.76,681.13
"17,088.00","17,111.99",64.76,680.13
"17,112.00","17,135.99",63.76,679.13
"17,136.00","17,159.99",62.76,678.13
"17,160.00","17,183.99",61.76,677.13
"17,184.00","17,207.99",60.76,676.13
"17,208.00","17,231.99",59.76,675.13
"17,232.00","17,255.99",58.76,674.13
"17,256.00","17,279.99",57.76,673.13
"17,280.00","17,303.99",56.76,672.13
"17,304.00","17,327.99",55.76,671.13
"17,328.00","17,351.99",54.76,670.13
"17,352.00","17,375.99",53.76,669.13
"17,376.00","17,399.99",52.76,668.13
"17,400.00","17,423.99",51.76,667.13
"17,424.00","17,447.99",50.76,666.13
"17,448.00","17,471.99",49.76,665.13
"17,472.00","17,495.99",48.76,664.13
"17,496.00","17,519.99",47.76,663.13
"17,520.00","17,543.99",46.76,662.13
"17,544.00","17,567.99",45.76,661.13
"17,568.00","17,591.99",44.76,660.13
"17,592.00","17,615.99",43.76,659.13
"17,616.00","17,639.99",42.76,658.13
"17,640.00","17,663.99",41.76,657.13
"17,664.00","17,687.99",40.76,656.13
"17,688.00","17,711.99",39.76,655.13
"17,712.00","17,735.99",38.76,654.13
"17,736.00","17,759.99",37.76,653.13
"17,760.00","17,783.99",36.76,652.13
"17,784.00","17,807.99",35.76,651.13
"17,808.00","17,831.99",34.76,650.13
"17,832.00","17,855.99",33.76,649.13
"17,856.00","17,879.99",32.76,648.13
"17,880.00","17,903.99",31.76,647.13
"17,904.00","17,927.99",30.76,646.13
"17,928.00","17,951.99",29.76,645.13
"17,952.00","17,975.99",28.76,644.13
"17,976.00","17,999.99",27.76,643.13
"18,000.00","18,023.99",26.76,642.13
"18,024.00","18,047.99",25.76,641.13
"18,048.00","18,071.99",24.76,640.13
"18,072.00","18,095.99",23.76,639.13
"18,096.00","18,119.99",22.76,638.13
"18,120.00","18,143.99",21.76,637.13
"18,144.00","18,167.99",20.76,636.13
"18,168.00","18,191.99",19.76,635.13
"18,192.00","18,215.99",18.76,634.13
"18,216.00","18,239.99",17.76,633.13
"18,240.00","18,263.99",16.76,632.13
"18,264.00","18,287.99",15.76,631.13
"18,288.00","18,311.99",14.76,630.13
"18,312.00","18,335.99",13.76,629.13
"18,336.00","18,359.99",12.76,628.13
"18,360.00","18,383.99",11.76,627.13
"18,384.00","18,407.99",10.76,626.13
"18,408.00","18,431.99",9.76,625.13
"18,432.00","18,455.99",8.76,624.13
"18,456.00","18,479.99",7.76,623.13
"18,480.00","18,503.99",6.76,622.13
"18,504.00","18,527.99",5.76,621.13
"18,528.00","18,551.99",4.76,620.13
"18,552.00","18,575.99",3.76,619.13
"18,576.00","18,599.99",2.76,618.13
"18,600.00","18,623.99",1.76,617.13
"18,624.00","18,647.99",0.76,616.13
